episode,step,reward,n_msgs_sent,n_msgs_delivered,n_msgs_lost_to_jam,n_queue_overflows,n_spoof_accepted,n_protocol_triggered,n_protocol_success,n_agents_normal,n_agents_elevated,n_agents_high,n_agents_critical,avg_snr,phase
1,1,1.0,20,8,3,0,0,0,0,20,0,0,0,15.8715,jam_only
1,2,-1.2,20,16,4,0,0,0,0,0,14,0,6,15.3854,jam_only
1,3,-4.11,20,12,3,0,0,3,0,0,0,14,6,13.9917,jam_only
1,4,-1.84,20,10,2,0,0,1,0,0,0,10,10,31.9875,jam_only
1,5,-1.93,20,11,3,0,0,1,0,0,0,8,12,13.4106,jam_only
1,6,-0.66,20,5,0,0,0,1,0,0,0,8,12,28.3185,jam_only
1,7,0.51,20,17,2,0,0,3,0,0,0,4,16,17.7792,jam_only
1,8,-7.17,20,14,6,0,0,2,0,0,0,4,16,17.0125,jam_only
1,9,-11.03,20,4,9,0,0,1,0,0,0,4,16,8.1745,jam_only
1,10,-2.24,20,7,3,0,0,3,0,0,0,4,16,118.0425,jam_only
1,11,-4.42,20,6,4,0,0,3,0,0,0,3,17,17.4911,jam_only
1,12,-5.52,20,8,5,0,0,5,0,0,0,1,19,18.442,jam_only
1,13,-3.51,20,10,4,0,0,2,0,0,0,1,19,18.6878,jam_only
1,14,-8.53,20,4,7,0,0,2,0,0,0,1,19,179.8281,jam_only
1,15,-6.9,20,7,8,0,0,2,0,0,0,1,19,20.6203,jam_only
1,16,-2.38,20,7,1,0,0,5,0,0,0,1,19,14.7553,jam_only
1,17,-1.57,20,10,1,0,0,5,0,0,0,1,19,15.0443,jam_only
1,18,-3.94,20,11,3,0,0,4,0,0,0,1,19,18.442,jam_only
1,19,-5.39,20,8,4,0,0,4,0,0,0,1,19,261.4824,jam_only
1,20,-4.33,20,14,5,0,0,4,0,0,0,0,20,20.3066,jam_only
1,21,-1.7,20,11,0,0,0,5,0,0,0,0,20,139.4393,jam_only
1,22,-1.31,20,5,0,0,0,2,0,0,0,0,20,17.1893,jam_only
1,23,-0.51,20,7,1,0,0,2,0,0,0,0,20,261.4187,jam_only
1,24,-3.93,20,4,2,0,0,5,0,0,0,0,20,16.0583,jam_only
1,25,-2.28,20,7,2,0,0,4,0,0,0,0,20,123.0832,jam_only
1,26,-9.59,20,4,8,0,0,4,0,0,0,0,20,20.0196,jam_only
1,27,-2.58,20,1,2,0,0,2,0,0,0,0,20,23.2636,jam_only
1,28,-2.32,20,8,3,0,0,3,0,0,0,0,20,15.7944,jam_only
1,29,-8.96,20,1,3,0,0,11,0,0,0,0,20,13.2637,jam_only
1,30,0.91,20,8,1,0,0,2,0,0,0,0,20,16.6184,jam_only
1,31,-5.29,20,7,5,0,0,2,0,0,0,0,20,16.0529,jam_only
1,32,-2.54,20,5,2,0,0,2,0,0,0,0,20,14.0108,jam_only
1,33,-3.63,20,7,4,0,0,3,0,0,0,0,20,15.5636,jam_only
1,34,-2.81,20,1,1,0,0,3,0,0,0,0,20,15.5636,jam_only
1,35,-4.64,20,2,5,0,0,1,0,0,0,0,20,14.6696,jam_only
1,36,-2.71,20,1,2,0,0,4,0,0,0,0,20,13.0432,jam_only
1,37,-5.06,20,3,5,0,0,2,0,0,0,0,20,14.2088,jam_only
1,38,-3.1,20,2,3,0,0,2,0,0,0,0,20,14.99,jam_only
1,39,-3.76,20,3,4,0,0,2,0,0,0,0,20,213.5954,jam_only
1,40,-4.21,20,2,4,0,0,3,0,0,0,0,20,33.5753,jam_only
1,41,-5.58,20,1,5,0,0,3,0,0,0,0,20,35.7996,jam_only
1,42,-7.53,20,3,7,0,0,4,0,0,0,0,20,7.1797,jam_only
1,43,-4.07,20,2,3,0,0,4,0,0,0,0,20,15.7944,jam_only
1,44,-3.08,20,5,3,0,0,4,0,0,0,0,20,243.3647,jam_only
1,45,-4.1,20,4,2,0,0,6,0,0,0,0,20,14.9595,jam_only
1,46,-3.91,20,3,3,0,0,4,0,0,0,0,20,21.8341,jam_only
1,47,0.04,20,6,0,0,0,3,0,0,0,0,20,13.7545,jam_only
1,48,-3.42,20,3,2,0,0,4,0,0,0,0,20,18.1552,jam_only
1,49,-5.73,20,3,4,0,0,5,0,0,0,0,20,18.0346,jam_only
1,50,-0.43,20,4,1,0,0,1,0,0,0,0,20,110.0362,jam_only
1,51,-7.58,20,3,7,0,0,3,0,0,0,0,20,19.5972,jam_only
1,52,-5.41,20,4,5,0,0,4,0,0,0,0,20,247.2694,jam_only
1,53,-1.81,20,4,2,0,0,2,0,0,0,0,20,6.773,jam_only
1,54,-2.4,20,1,2,0,0,2,0,0,0,0,20,81.2333,jam_only
1,55,-6.75,20,2,5,0,0,7,0,0,0,0,20,11.0273,jam_only
1,56,-6.08,20,1,5,0,0,4,0,0,0,0,20,7.0473,jam_only
1,57,-2.95,20,3,3,0,0,4,0,0,0,0,20,17.8968,jam_only
1,58,-0.92,20,2,1,0,0,1,0,0,0,0,20,14.3199,jam_only
1,59,-3.16,20,4,2,0,0,6,0,0,0,0,20,14.4948,jam_only
1,60,-4.46,20,3,4,0,0,2,0,0,0,0,20,15.6167,jam_only
1,61,-2.49,20,5,4,0,0,0,0,0,0,0,20,16.854,jam_only
1,62,-3.22,20,1,1,0,0,4,0,0,0,0,20,18.0346,jam_only
1,63,0.32,20,4,1,0,0,2,0,0,0,0,20,8.0278,jam_only
1,64,-2.34,20,3,3,0,0,1,0,0,0,0,20,151.7692,jam_only
1,65,-1.57,20,6,2,0,0,3,0,0,0,0,20,15.4243,jam_only
1,66,-2.36,20,5,3,0,0,1,0,0,0,0,20,14.8941,jam_only
1,67,-6.32,20,2,5,0,0,2,0,0,0,0,20,19.5972,jam_only
1,68,-3.36,20,0,2,0,0,4,0,0,0,0,20,0.0,jam_only
1,69,-3.54,20,4,4,0,0,3,0,0,0,0,20,16.7742,jam_only
1,70,-0.08,20,3,0,0,0,2,0,0,0,0,20,17.8985,jam_only
1,71,-4.71,20,2,4,0,0,4,0,0,0,0,20,23.6454,jam_only
1,72,-3.14,20,0,3,0,0,2,0,0,0,0,20,0.0,jam_only
1,73,-4.89,20,1,5,0,0,3,0,0,0,0,20,18.4319,jam_only
1,74,-1.46,20,1,1,0,0,4,0,0,0,0,20,18.9895,jam_only
1,75,-2.93,20,1,3,0,0,3,0,0,0,0,20,152.5484,jam_only
1,76,-3.39,20,0,3,0,0,3,0,0,0,0,20,0.0,jam_only
1,77,-1.46,20,4,3,0,0,2,0,0,0,0,20,125.5881,jam_only
1,78,-2.31,20,2,2,0,0,2,0,0,0,0,20,19.2907,jam_only
1,79,-5.04,20,0,3,0,0,5,0,0,0,0,20,0.0,jam_only
1,80,-1.1,20,1,2,0,0,0,0,0,0,0,20,128.636,jam_only
1,81,-1.34,20,1,1,0,0,3,0,0,0,0,20,14.8665,jam_only
1,82,-1.01,20,3,1,0,0,3,0,0,0,0,20,121.5584,jam_only
1,83,-1.88,20,0,1,0,0,3,0,0,0,0,20,0.0,jam_only
1,84,-1.97,20,1,2,0,0,2,0,0,0,0,20,4.0211,jam_only
1,85,-2.81,20,3,3,0,0,3,0,0,0,0,20,3.8897,jam_only
1,86,-5.97,20,0,4,0,0,4,0,0,0,0,20,0.0,jam_only
1,87,-6.64,20,0,7,0,0,2,0,0,0,0,20,0.0,jam_only
1,88,0.06,20,1,0,0,0,2,0,0,0,0,20,15.2361,jam_only
1,89,-2.61,20,0,1,0,0,5,0,0,0,0,20,0.0,jam_only
1,90,-3.93,20,1,3,0,0,5,0,0,0,0,20,25.4233,jam_only
1,91,-5.67,20,1,3,0,0,8,0,0,0,0,20,124.866,jam_only
1,92,-3.36,20,0,4,0,0,1,0,0,0,0,20,0.0,jam_only
1,93,-2.0,20,0,2,0,0,2,0,0,0,0,20,0.0,jam_only
1,94,-1.07,20,1,2,0,0,1,0,0,0,0,20,19.6204,jam_only
1,95,-6.1,20,0,5,0,0,4,0,0,0,0,20,0.0,jam_only
1,96,-6.33,20,2,6,0,0,4,0,0,0,0,20,104.6213,jam_only
1,97,-3.72,20,1,2,0,0,6,0,0,0,0,20,249.7319,jam_only
1,98,-0.49,20,1,0,0,0,3,0,0,0,0,20,7.698,jam_only
1,99,-4.32,20,0,4,0,0,1,0,0,0,0,20,0.0,jam_only
1,100,-1.97,20,0,1,0,0,5,0,0,0,0,20,0.0,jam_only
1,101,-4.54,20,0,4,0,0,3,0,0,0,0,20,0.0,jam_only
1,102,-1.73,20,2,0,0,0,6,0,0,0,0,20,16.1528,jam_only
1,103,-1.32,20,0,0,0,0,4,0,0,0,0,20,0.0,jam_only
1,104,-2.45,20,0,2,0,0,4,0,0,0,0,20,0.0,jam_only
1,105,-0.31,20,0,1,0,0,1,0,0,0,0,20,0.0,jam_only
1,106,-0.66,20,2,0,0,0,5,0,0,0,0,20,13.7421,jam_only
1,107,-0.26,20,2,0,0,0,4,0,0,0,0,20,219.8728,jam_only
1,108,-1.21,20,0,0,0,0,3,0,0,0,0,20,0.0,jam_only
1,109,-2.73,20,0,1,0,0,5,0,0,0,0,20,0.0,jam_only
1,110,-2.24,20,1,3,0,0,1,0,0,0,0,20,12.8237,jam_only
1,111,-2.56,20,0,3,0,0,1,0,0,0,0,20,0.0,jam_only
1,112,-5.79,20,1,6,0,0,2,0,0,0,0,20,106.6579,jam_only
1,113,-4.1,20,0,2,0,0,6,0,0,0,0,20,0.0,jam_only
1,114,-2.03,20,0,1,0,0,4,0,0,0,0,20,0.0,jam_only
1,115,-3.17,20,0,1,0,0,7,0,0,0,0,20,0.0,jam_only
1,116,-4.15,20,0,2,0,0,7,0,0,0,0,20,0.0,jam_only
1,117,-4.09,20,0,3,0,0,3,0,0,0,0,20,0.0,jam_only
1,118,-2.92,20,1,3,0,0,3,0,0,0,0,20,15.9551,jam_only
1,119,-2.57,20,0,2,0,0,3,0,0,0,0,20,0.0,jam_only
1,120,-0.27,20,1,0,0,0,3,0,0,0,0,20,3.6861,jam_only
1,121,0.14,20,0,0,0,0,2,0,0,0,0,20,0.0,jam_only
1,122,-0.51,20,0,0,0,0,3,0,0,0,0,20,0.0,jam_only
1,123,-1.19,20,0,1,0,0,2,0,0,0,0,20,0.0,jam_only
1,124,-2.85,20,0,1,0,0,6,0,0,0,0,20,0.0,jam_only
1,125,-1.47,20,0,1,0,0,4,0,0,0,0,20,0.0,jam_only
1,126,-1.44,20,1,2,0,0,1,0,0,0,0,20,14.4677,jam_only
1,127,-4.42,20,0,3,0,0,5,0,0,0,0,20,0.0,jam_only
1,128,-5.56,20,0,4,0,0,5,0,0,0,0,20,0.0,jam_only
1,129,-6.35,20,0,4,0,0,7,0,0,0,0,20,0.0,jam_only
1,130,-2.05,20,1,3,0,0,1,0,0,0,0,20,123.6546,jam_only
1,131,-2.21,20,0,2,0,0,3,0,0,0,0,20,0.0,jam_only
1,132,-0.96,20,0,1,0,0,3,0,0,0,0,20,0.0,jam_only
1,133,-2.66,20,0,1,0,0,6,0,0,0,0,20,0.0,jam_only
1,134,-1.22,20,0,0,0,0,4,0,0,0,0,20,0.0,jam_only
1,135,-3.37,20,0,1,0,0,7,0,0,0,0,20,0.0,jam_only
1,136,-2.76,20,1,3,0,0,2,0,0,0,0,20,126.3122,jam_only
1,137,-1.09,20,0,0,0,0,4,0,0,0,0,20,0.0,jam_only
1,138,-0.47,20,0,0,0,0,4,0,0,0,0,20,0.0,jam_only
1,139,-3.37,20,0,1,0,0,7,0,0,0,0,20,0.0,jam_only
1,140,0.87,20,0,0,0,0,1,0,0,0,0,20,0.0,jam_only
1,141,0.55,20,0,0,0,0,2,0,0,0,0,20,0.0,jam_only
1,142,-0.63,20,0,1,0,0,2,0,0,0,0,20,0.0,jam_only
1,143,-2.32,20,0,3,0,0,1,0,0,0,0,20,0.0,jam_only
1,144,-1.0,20,0,1,0,0,2,0,0,0,0,20,0.0,jam_only
1,145,-3.13,20,0,3,0,0,3,0,0,0,0,20,0.0,jam_only
1,146,-7.15,20,0,6,0,0,5,0,0,0,0,20,0.0,jam_only
1,147,-1.82,20,0,2,0,0,2,0,0,0,0,20,0.0,jam_only
1,148,-2.8,20,0,3,0,0,2,0,0,0,0,20,0.0,jam_only
1,149,-2.12,20,0,3,0,0,1,0,0,0,0,20,0.0,jam_only
1,150,-4.64,20,0,4,0,0,4,0,0,0,0,20,0.0,jam_only
1,151,-1.27,20,0,1,0,0,4,0,0,0,0,20,0.0,jam_only
1,152,-6.96,20,0,6,0,0,5,0,0,0,0,20,0.0,jam_only
1,153,-6.33,20,0,5,0,0,5,0,0,0,0,20,0.0,jam_only
1,154,-7.5,20,0,7,0,0,3,0,0,0,0,20,0.0,jam_only
1,155,-6.33,20,0,6,0,0,3,0,0,0,0,20,0.0,jam_only
1,156,-5.53,20,0,6,0,0,1,0,0,0,0,20,0.0,jam_only
1,157,-3.26,20,1,4,0,0,1,0,0,0,0,20,109.2239,jam_only
1,158,-0.82,20,1,2,0,0,0,0,0,0,0,20,15.2262,jam_only
1,159,-3.88,20,0,4,0,0,2,0,0,0,0,20,0.0,jam_only
1,160,-6.14,20,0,6,0,0,3,0,0,0,0,20,0.0,jam_only
1,161,-3.46,20,1,3,0,0,3,0,0,0,0,20,13.1107,jam_only
1,162,-9.73,20,2,9,0,0,5,0,0,0,0,20,16.1129,jam_only
1,163,-4.32,20,0,4,0,0,2,0,0,0,0,20,0.0,jam_only
1,164,-5.16,20,0,4,0,0,5,0,0,0,0,20,0.0,jam_only
1,165,-1.61,20,0,2,0,0,2,0,0,0,0,20,0.0,jam_only
1,166,-7.25,20,0,4,0,0,8,0,0,0,0,20,0.0,jam_only
1,167,-1.13,20,2,2,0,0,2,0,0,0,0,20,15.1002,jam_only
1,168,-1.82,20,0,1,0,0,3,0,0,0,0,20,0.0,jam_only
1,169,-0.19,20,1,1,0,0,2,0,0,0,0,20,4.5309,jam_only
1,170,-2.88,20,1,2,0,0,4,0,0,0,0,20,15.925,jam_only
1,171,-1.91,20,0,2,0,0,2,0,0,0,0,20,0.0,jam_only
1,172,-2.7,20,0,2,0,0,3,0,0,0,0,20,0.0,jam_only
1,173,-3.13,20,0,3,0,0,3,0,0,0,0,20,0.0,jam_only
1,174,-4.04,20,0,3,0,0,4,0,0,0,0,20,0.0,jam_only
1,175,-4.15,20,0,3,0,0,5,0,0,0,0,20,0.0,jam_only
1,176,-4.35,20,0,3,0,0,5,0,0,0,0,20,0.0,jam_only
1,177,-6.49,20,0,6,0,0,4,0,0,0,0,20,0.0,jam_only
1,178,-8.53,20,0,7,0,0,5,0,0,0,0,20,0.0,jam_only
1,179,-8.83,20,0,9,0,0,2,0,0,0,0,20,0.0,jam_only
1,180,-1.13,20,0,1,0,0,3,0,0,0,0,20,0.0,jam_only
1,181,-4.56,20,0,2,0,0,7,0,0,0,0,20,0.0,jam_only
1,182,-1.31,20,0,2,0,0,1,0,0,0,0,20,0.0,jam_only
1,183,-4.16,20,0,4,0,0,3,0,0,0,0,20,0.0,jam_only
1,184,-1.64,20,0,2,0,0,2,0,0,0,0,20,0.0,jam_only
1,185,-0.33,20,0,0,0,0,3,0,0,0,0,20,0.0,jam_only
1,186,-0.32,20,1,0,0,0,2,0,0,0,0,20,16.2439,jam_only
1,187,-0.28,20,0,0,0,0,2,0,0,0,0,20,0.0,jam_only
1,188,-0.68,20,0,1,0,0,1,0,0,0,0,20,0.0,jam_only
1,189,-5.16,20,0,4,0,0,5,0,0,0,0,20,0.0,jam_only
1,190,0.05,20,0,0,0,0,3,0,0,0,0,20,0.0,jam_only
1,191,-2.91,20,1,3,0,0,3,0,0,0,0,20,588.0823,jam_only
1,192,-0.58,20,0,1,0,0,1,0,0,0,0,20,0.0,jam_only
1,193,-4.64,20,0,4,0,0,4,0,0,0,0,20,0.0,jam_only
1,194,-3.83,20,0,3,0,0,4,0,0,0,0,20,0.0,jam_only
1,195,-4.98,20,0,5,0,0,3,0,0,0,0,20,0.0,jam_only
1,196,-5.36,20,0,3,0,0,7,0,0,0,0,20,0.0,jam_only
1,197,-4.86,20,0,4,0,0,4,0,0,0,0,20,0.0,jam_only
1,198,-3.01,20,0,3,0,0,2,0,0,0,0,20,0.0,jam_only
1,199,-1.48,20,0,1,0,0,4,0,0,0,0,20,0.0,jam_only
1,200,0.8,20,1,0,0,0,2,0,0,0,0,20,130.712,jam_only
1,201,-2.75,20,0,2,0,0,3,0,0,0,0,20,0.0,jam_only
1,202,1.2,20,0,0,0,0,0,0,0,0,0,20,0.0,jam_only
1,203,-3.16,20,0,2,0,0,5,0,0,0,0,20,0.0,jam_only
1,204,-6.95,20,0,6,0,0,5,0,0,0,0,20,0.0,jam_only
1,205,-1.51,20,0,2,0,0,1,0,0,0,0,20,0.0,jam_only
1,206,-2.63,20,0,2,0,0,4,0,0,0,0,20,0.0,jam_only
1,207,-3.7,20,0,4,0,0,1,0,0,0,0,20,0.0,jam_only
1,208,-2.85,20,0,2,0,0,4,0,0,0,0,20,0.0,jam_only
1,209,-0.73,20,0,1,0,0,1,0,0,0,0,20,0.0,jam_only
1,210,-6.19,20,0,4,0,0,7,0,0,0,0,20,0.0,jam_only
1,211,-2.71,20,0,2,0,0,3,0,0,0,0,20,0.0,jam_only
1,212,-4.54,20,0,4,0,0,3,0,0,0,0,20,0.0,jam_only
1,213,-1.19,20,0,2,0,0,0,0,0,0,0,20,0.0,jam_only
1,214,-0.45,20,0,1,0,0,2,0,0,0,0,20,0.0,jam_only
1,215,-0.35,20,0,0,0,0,3,0,0,0,0,20,0.0,jam_only
1,216,-3.41,20,0,3,0,0,2,0,0,0,0,20,0.0,jam_only
1,217,-3.04,20,0,2,0,0,4,0,0,0,0,20,0.0,jam_only
1,218,-3.82,20,0,4,0,0,2,0,0,0,0,20,0.0,jam_only
1,219,-6.79,20,0,6,0,0,5,0,0,0,0,20,0.0,jam_only
1,220,-2.74,20,1,3,0,0,2,0,0,0,0,20,57.2052,jam_only
1,221,-7.01,20,0,6,0,0,5,0,0,0,0,20,0.0,jam_only
1,222,-8.47,20,0,8,0,0,4,0,0,0,0,20,0.0,jam_only
1,223,-2.33,20,0,3,0,0,1,0,0,0,0,20,0.0,jam_only
1,224,-7.72,20,0,6,0,0,5,0,0,0,0,20,0.0,jam_only
1,225,-1.47,20,0,1,0,0,4,0,0,0,0,20,0.0,jam_only
1,226,-4.95,20,0,5,0,0,3,0,0,0,0,20,0.0,jam_only
1,227,-4.95,20,0,5,0,0,3,0,0,0,0,20,0.0,jam_only
1,228,-3.16,20,0,3,0,0,3,0,0,0,0,20,0.0,jam_only
1,229,-4.28,20,0,4,0,0,4,0,0,0,0,20,0.0,jam_only
1,230,-2.19,20,0,1,0,0,5,0,0,0,0,20,0.0,jam_only
1,231,-8.92,20,0,9,0,0,3,0,0,0,0,20,0.0,jam_only
1,232,-5.82,20,0,5,0,0,4,0,0,0,0,20,0.0,jam_only
1,233,-5.97,20,0,6,0,0,3,0,0,0,0,20,0.0,jam_only
1,234,-6.01,20,0,5,0,0,4,0,0,0,0,20,0.0,jam_only
1,235,-8.82,20,0,8,0,0,4,0,0,0,0,20,0.0,jam_only
1,236,-6.56,20,0,5,0,0,5,0,0,0,0,20,0.0,jam_only
1,237,-3.95,20,0,5,0,0,1,0,0,0,0,20,0.0,jam_only
1,238,-12.86,20,0,12,0,0,4,0,0,0,0,20,0.0,jam_only
1,239,-5.83,20,0,5,0,0,4,0,0,0,0,20,0.0,jam_only
1,240,-7.72,20,0,7,0,0,3,0,0,0,0,20,0.0,jam_only
1,241,-6.66,20,0,6,0,0,4,0,0,0,0,20,0.0,jam_only
1,242,-7.83,20,0,7,0,0,4,0,0,0,0,20,0.0,jam_only
1,243,-2.01,20,0,2,0,0,2,0,0,0,0,20,0.0,jam_only
1,244,-1.69,20,0,2,0,0,2,0,0,0,0,20,0.0,jam_only
1,245,-2.51,20,0,2,0,0,3,0,0,0,0,20,0.0,jam_only
1,246,-2.21,20,0,2,0,0,2,0,0,0,0,20,0.0,jam_only
1,247,-1.89,20,0,0,0,0,5,0,0,0,0,20,0.0,jam_only
1,248,-0.47,20,0,0,0,0,4,0,0,0,0,20,0.0,jam_only
1,249,-0.68,20,0,1,0,0,1,0,0,0,0,20,0.0,jam_only
1,250,0.16,20,0,0,0,0,2,0,0,0,0,20,0.0,jam_only
1,251,-4.54,20,0,3,0,0,5,0,0,0,0,20,0.0,jam_only
1,252,0.05,20,1,0,0,0,2,0,0,0,0,20,18.5515,jam_only
1,253,-2.11,20,0,0,0,0,6,0,0,0,0,20,0.0,jam_only
1,254,-0.83,20,0,0,0,0,4,0,0,0,0,20,0.0,jam_only
1,255,-1.5,20,0,1,0,0,3,0,0,0,0,20,0.0,jam_only
1,256,-0.76,20,0,1,0,0,3,0,0,0,0,20,0.0,jam_only
1,257,-1.83,20,0,2,0,0,2,0,0,0,0,20,0.0,jam_only
1,258,-0.2,20,0,0,0,0,2,0,0,0,0,20,0.0,jam_only
1,259,0.88,20,0,0,0,0,1,0,0,0,0,20,0.0,jam_only
1,260,-1.74,20,0,0,0,0,5,0,0,0,0,20,0.0,jam_only
1,261,-1.15,20,0,0,0,0,5,0,0,0,0,20,0.0,jam_only
1,262,-0.68,20,0,1,0,0,1,0,0,0,0,20,0.0,jam_only
1,263,-2.03,20,0,1,0,0,4,0,0,0,0,20,0.0,jam_only
1,264,-5.0,20,0,5,0,0,2,0,0,0,0,20,0.0,jam_only
1,265,-2.67,20,0,1,0,0,6,0,0,0,0,20,0.0,jam_only
1,266,-3.16,20,0,2,0,0,5,0,0,0,0,20,0.0,jam_only
1,267,-3.14,20,0,4,0,0,1,0,0,0,0,20,0.0,jam_only
1,268,-4.51,20,0,4,0,0,3,0,0,0,0,20,0.0,jam_only
1,269,-1.71,20,0,2,0,0,1,0,0,0,0,20,0.0,jam_only
1,270,-1.81,20,0,1,0,0,4,0,0,0,0,20,0.0,jam_only
1,271,-4.29,20,0,5,0,0,1,0,0,0,0,20,0.0,jam_only
1,272,-1.63,20,0,2,0,0,2,0,0,0,0,20,0.0,jam_only
1,273,-5.02,20,0,4,0,0,4,0,0,0,0,20,0.0,jam_only
1,274,-3.82,20,0,4,0,0,2,0,0,0,0,20,0.0,jam_only
1,275,-0.23,20,0,2,0,0,0,0,0,0,0,20,0.0,jam_only
1,276,-4.63,20,0,5,0,0,2,0,0,0,0,20,0.0,jam_only
1,277,-2.95,20,0,3,0,0,3,0,0,0,0,20,0.0,jam_only
1,278,-4.62,20,0,5,0,0,2,0,0,0,0,20,0.0,jam_only
1,279,-7.54,20,0,6,0,0,5,0,0,0,0,20,0.0,jam_only
1,280,-3.46,20,0,3,0,0,4,0,0,0,0,20,0.0,jam_only
1,281,-3.86,20,0,3,0,0,4,0,0,0,0,20,0.0,jam_only
1,282,-3.55,20,0,3,0,0,3,0,0,0,0,20,0.0,jam_only
1,283,-4.33,20,0,4,0,0,3,0,0,0,0,20,0.0,jam_only
1,284,-6.7,20,0,6,0,0,3,0,0,0,0,20,0.0,jam_only
1,285,-6.89,20,0,7,0,0,1,0,0,0,0,20,0.0,jam_only
1,286,-8.4,20,0,7,0,0,4,0,0,0,0,20,0.0,jam_only
1,287,-3.33,20,0,4,0,0,1,0,0,0,0,20,0.0,jam_only
1,288,-3.56,20,0,1,0,0,7,0,0,0,0,20,0.0,jam_only
1,289,-3.85,20,0,2,0,0,6,0,0,0,0,20,0.0,jam_only
1,290,-2.33,20,0,2,0,0,3,0,0,0,0,20,0.0,jam_only
1,291,-3.62,20,0,4,0,0,2,0,0,0,0,20,0.0,jam_only
1,292,-9.37,20,0,9,0,0,3,0,0,0,0,20,0.0,jam_only
1,293,-4.07,20,0,3,0,0,3,0,0,0,0,20,0.0,jam_only
1,294,-4.13,20,0,5,0,0,1,0,0,0,0,20,0.0,jam_only
1,295,-4.31,20,0,4,0,0,3,0,0,0,0,20,0.0,jam_only
1,296,-5.38,20,0,5,0,0,2,0,0,0,0,20,0.0,jam_only
1,297,1.02,20,0,0,0,0,0,0,0,0,0,20,0.0,jam_only
1,298,-2.31,20,0,2,0,0,3,0,0,0,0,20,0.0,jam_only
1,299,-2.46,20,0,3,0,0,2,0,0,0,0,20,0.0,jam_only
1,300,-6.9,20,0,5,0,0,5,0,0,0,0,20,0.0,jam_only
1,301,-5.53,20,0,5,0,0,3,0,0,0,0,20,0.0,jam_only
1,302,-2.02,20,0,0,0,0,6,0,0,0,0,20,0.0,jam_only
1,303,-0.95,20,0,2,0,0,1,0,0,0,0,20,0.0,jam_only
1,304,-2.52,20,0,2,0,0,3,0,0,0,0,20,0.0,jam_only
1,305,-2.52,20,0,1,0,0,5,0,0,0,0,20,0.0,jam_only
1,306,-2.07,20,0,1,0,0,3,0,0,0,0,20,0.0,jam_only
1,307,-3.84,20,0,3,0,0,4,0,0,0,0,20,0.0,jam_only
1,308,-1.33,20,0,0,0,0,5,0,0,0,0,20,0.0,jam_only
1,309,-2.8,20,0,1,0,0,7,0,0,0,0,20,0.0,jam_only
1,310,-1.34,20,0,1,0,0,3,0,0,0,0,20,0.0,jam_only
1,311,-3.46,20,0,2,0,0,6,0,0,0,0,20,0.0,jam_only
1,312,-0.46,20,0,1,0,0,2,0,0,0,0,20,0.0,jam_only
1,313,-2.42,20,0,3,0,0,2,0,0,0,0,20,0.0,jam_only
1,314,-4.13,20,0,4,0,0,3,0,0,0,0,20,0.0,jam_only
1,315,-1.82,20,0,2,0,0,2,0,0,0,0,20,0.0,jam_only
1,316,-2.97,20,0,3,0,0,3,0,0,0,0,20,0.0,jam_only
1,317,-3.01,20,0,3,0,0,2,0,0,0,0,20,0.0,jam_only
1,318,-3.02,20,0,2,0,0,4,0,0,0,0,20,0.0,jam_only
1,319,-6.33,20,0,6,0,0,3,0,0,0,0,20,0.0,jam_only
1,320,-2.45,20,0,3,0,0,2,0,0,0,0,20,0.0,jam_only
1,321,-1.39,20,0,1,0,0,2,0,0,0,0,20,0.0,jam_only
1,322,-0.66,20,0,1,0,0,2,0,0,0,0,20,0.0,jam_only
1,323,-2.81,20,0,3,0,0,2,0,0,0,0,20,0.0,jam_only
1,324,-2.92,20,0,4,0,0,1,0,0,0,0,20,0.0,jam_only
1,325,-2.04,20,0,1,0,0,4,0,0,0,0,20,0.0,jam_only
1,326,-4.65,20,0,5,0,0,2,0,0,0,0,20,0.0,jam_only
1,327,-3.49,20,0,4,0,0,1,0,0,0,0,20,0.0,jam_only
1,328,-3.46,20,0,3,0,0,4,0,0,0,0,20,0.0,jam_only
1,329,-3.53,20,0,3,0,0,3,0,0,0,0,20,0.0,jam_only
1,330,-6.85,20,0,6,0,0,4,0,0,0,0,20,0.0,jam_only
1,331,-3.14,20,0,3,0,0,3,0,0,0,0,20,0.0,jam_only
1,332,-5.2,20,0,5,0,0,2,0,0,0,0,20,0.0,jam_only
1,333,-3.55,20,0,2,0,0,5,0,0,0,0,20,0.0,jam_only
1,334,-9.19,20,0,8,0,0,5,0,0,0,0,20,0.0,jam_only
1,335,-3.18,20,0,3,0,0,3,0,0,0,0,20,0.0,jam_only
1,336,-6.86,20,0,6,0,0,4,0,0,0,0,20,0.0,jam_only
1,337,-5.13,20,0,5,0,0,3,0,0,0,0,20,0.0,jam_only
1,338,-3.64,20,0,3,0,0,4,0,0,0,0,20,0.0,jam_only
1,339,-1.51,20,0,1,0,0,3,0,0,0,0,20,0.0,jam_only
1,340,-2.51,20,0,2,0,0,3,0,0,0,0,20,0.0,jam_only
1,341,-6.19,20,0,4,0,0,7,0,0,0,0,20,0.0,jam_only
1,342,-1.7,20,0,1,0,0,3,0,0,0,0,20,0.0,jam_only
1,343,-1.82,20,0,1,0,0,4,0,0,0,0,20,0.0,jam_only
1,344,-2.02,20,0,1,0,0,4,0,0,0,0,20,0.0,jam_only
1,345,-0.68,20,0,1,0,0,1,0,0,0,0,20,0.0,jam_only
1,346,-3.7,20,0,1,0,0,8,0,0,0,0,20,0.0,jam_only
1,347,-1.79,20,0,3,0,0,0,0,0,0,0,20,0.0,jam_only
1,348,-3.8,20,0,5,0,0,0,0,0,0,0,20,0.0,jam_only
1,349,-3.49,20,0,3,0,0,4,0,0,0,0,20,0.0,jam_only
1,350,-1.61,20,0,3,0,0,0,0,0,0,0,20,0.0,jam_only
1,351,-3.8,20,0,4,0,0,2,0,0,0,0,20,0.0,jam_only
1,352,-1.65,20,0,1,0,0,4,0,0,0,0,20,0.0,jam_only
1,353,-3.32,20,0,3,0,0,3,0,0,0,0,20,0.0,jam_only
1,354,-2.32,20,0,2,0,0,3,0,0,0,0,20,0.0,jam_only
1,355,-1.3,20,0,1,0,0,3,0,0,0,0,20,0.0,jam_only
1,356,-3.86,20,0,1,0,0,8,0,0,0,0,20,0.0,jam_only
1,357,-3.13,20,0,3,0,0,3,0,0,0,0,20,0.0,jam_only
1,358,-2.33,20,0,2,0,0,3,0,0,0,0,20,0.0,jam_only
1,359,-3.03,20,0,2,0,0,4,0,0,0,0,20,0.0,jam_only
1,360,-4.66,20,0,4,0,0,4,0,0,0,0,20,0.0,jam_only
1,361,-5.18,20,0,4,0,0,5,0,0,0,0,20,0.0,jam_only
1,362,-2.96,20,0,3,0,0,3,0,0,0,0,20,0.0,jam_only
1,363,-7.88,20,0,7,0,0,4,0,0,0,0,20,0.0,jam_only
1,364,-5.16,20,0,4,0,0,5,0,0,0,0,20,0.0,jam_only
1,365,-3.52,20,0,3,0,0,3,0,0,0,0,20,0.0,jam_only
1,366,-1.81,20,0,2,0,0,2,0,0,0,0,20,0.0,jam_only
1,367,-5.84,20,0,5,0,0,4,0,0,0,0,20,0.0,jam_only
1,368,-2.66,20,0,3,0,0,1,0,0,0,0,20,0.0,jam_only
1,369,-3.45,20,0,4,0,0,2,0,0,0,0,20,0.0,jam_only
1,370,-8.02,20,0,7,0,0,4,0,0,0,0,20,0.0,jam_only
1,371,-5.44,20,0,6,0,0,2,0,0,0,0,20,0.0,jam_only
1,372,-6.37,20,0,6,0,0,2,0,0,0,0,20,0.0,jam_only
1,373,-6.87,20,0,7,0,0,1,0,0,0,0,20,0.0,jam_only
1,374,-2.89,20,0,2,0,0,3,0,0,0,0,20,0.0,jam_only
1,375,-4.19,20,0,4,0,0,2,0,0,0,0,20,0.0,jam_only
1,376,-2.02,20,0,0,0,0,6,0,0,0,0,20,0.0,jam_only
1,377,-2.0,20,0,3,0,0,0,0,0,0,0,20,0.0,jam_only
1,378,-1.5,20,0,1,0,0,3,0,0,0,0,20,0.0,jam_only
1,379,-0.81,20,0,2,0,0,0,0,0,0,0,20,0.0,jam_only
1,380,-2.25,20,0,2,0,0,4,0,0,0,0,20,0.0,jam_only
1,381,-7.87,20,0,8,0,0,1,0,0,0,0,20,0.0,jam_only
1,382,-6.34,20,0,6,0,0,3,0,0,0,0,20,0.0,jam_only
1,383,-2.32,20,0,3,0,0,1,0,0,0,0,20,0.0,jam_only
1,384,-4.65,20,0,4,0,0,4,0,0,0,0,20,0.0,jam_only
1,385,-7.36,20,0,6,0,0,5,0,0,0,0,20,0.0,jam_only
1,386,-3.66,20,0,4,0,0,2,0,0,0,0,20,0.0,jam_only
1,387,-4.48,20,0,5,0,0,1,0,0,0,0,20,0.0,jam_only
1,388,-2.82,20,0,3,0,0,2,0,0,0,0,20,0.0,jam_only
1,389,-3.04,20,0,2,0,0,4,0,0,0,0,20,0.0,jam_only
1,390,-2.35,20,0,1,0,0,5,0,0,0,0,20,0.0,jam_only
1,391,-1.32,20,0,1,0,0,3,0,0,0,0,20,0.0,jam_only
1,392,-4.71,20,0,4,0,0,3,0,0,0,0,20,0.0,jam_only
1,393,-4.62,20,0,5,0,0,2,0,0,0,0,20,0.0,jam_only
1,394,-8.48,20,0,9,0,0,1,0,0,0,0,20,0.0,jam_only
1,395,-8.04,20,0,7,0,0,4,0,0,0,0,20,0.0,jam_only
1,396,-4.69,20,0,4,0,0,3,0,0,0,0,20,0.0,jam_only
1,397,-3.66,20,0,3,0,0,4,0,0,0,0,20,0.0,jam_only
1,398,-2.21,20,0,3,0,0,0,0,0,0,0,20,0.0,jam_only
1,399,-6.69,20,0,6,0,0,3,0,0,0,0,20,0.0,jam_only
1,400,-2.51,20,0,3,0,0,1,0,0,0,0,20,0.0,jam_only
1,401,-1.01,20,0,2,0,0,0,0,0,0,0,20,0.0,jam_only
1,402,-5.19,20,0,4,0,0,4,0,0,0,0,20,0.0,jam_only
1,403,-3.91,20,0,3,0,0,3,0,0,0,0,20,0.0,jam_only
1,404,-4.01,20,0,4,0,0,2,0,0,0,0,20,0.0,jam_only
1,405,-5.37,20,0,4,0,0,5,0,0,0,0,20,0.0,jam_only
1,406,-6.52,20,0,5,0,0,5,0,0,0,0,20,0.0,jam_only
1,407,-5.32,20,0,5,0,0,3,0,0,0,0,20,0.0,jam_only
1,408,-7.03,20,0,6,0,0,4,0,0,0,0,20,0.0,jam_only
1,409,-4.19,20,0,4,0,0,2,0,0,0,0,20,0.0,jam_only
1,410,-8.46,20,0,7,0,0,6,0,0,0,0,20,0.0,jam_only
1,411,-3.71,20,0,3,0,0,3,0,0,0,0,20,0.0,jam_only
1,412,-6.16,20,0,6,0,0,3,0,0,0,0,20,0.0,jam_only
1,413,-2.02,20,0,2,0,0,2,0,0,0,0,20,0.0,jam_only
1,414,-5.28,20,0,4,0,0,6,0,0,0,0,20,0.0,jam_only
1,415,-3.14,20,0,3,0,0,3,0,0,0,0,20,0.0,jam_only
1,416,-1.47,20,0,1,0,0,4,0,0,0,0,20,0.0,jam_only
1,417,-2.83,20,0,2,0,0,4,0,0,0,0,20,0.0,jam_only
1,418,-3.35,20,0,3,0,0,3,0,0,0,0,20,0.0,jam_only
1,419,0.08,20,0,1,0,0,1,0,0,0,0,20,0.0,jam_only
1,420,-2.14,20,0,1,0,0,5,0,0,0,0,20,0.0,jam_only
1,421,0.18,20,0,0,0,0,2,0,0,0,0,20,0.0,jam_only
1,422,-2.49,20,0,1,0,0,6,0,0,0,0,20,0.0,jam_only
1,423,-2.64,20,0,3,0,0,2,0,0,0,0,20,0.0,jam_only
1,424,-5.63,20,0,5,0,0,4,0,0,0,0,20,0.0,jam_only
1,425,-3.95,20,0,4,0,0,3,0,0,0,0,20,0.0,jam_only
1,426,-5.45,20,0,4,0,0,6,0,0,0,0,20,0.0,jam_only
1,427,1.17,20,0,0,0,0,0,0,0,0,0,20,0.0,jam_only
1,428,-1.9,20,0,0,0,0,5,0,0,0,0,20,0.0,jam_only
1,429,-1.83,20,0,0,0,0,6,0,0,0,0,20,0.0,jam_only
1,430,0.7,20,0,0,0,0,1,0,0,0,0,20,0.0,jam_only
1,431,-1.52,20,0,1,0,0,3,0,0,0,0,20,0.0,jam_only
1,432,-0.33,20,0,0,0,0,3,0,0,0,0,20,0.0,jam_only
1,433,-2.71,20,0,1,0,0,5,0,0,0,0,20,0.0,jam_only
1,434,-2.81,20,0,2,0,0,4,0,0,0,0,20,0.0,jam_only
1,435,-3.54,20,0,3,0,0,3,0,0,0,0,20,0.0,jam_only
1,436,-2.06,20,0,1,0,0,3,0,0,0,0,20,0.0,jam_only
1,437,-3.49,20,0,1,0,0,8,0,0,0,0,20,0.0,jam_only
1,438,-6.86,20,0,6,0,0,4,0,0,0,0,20,0.0,jam_only
1,439,-2.19,20,0,2,0,0,2,0,0,0,0,20,0.0,jam_only
1,440,-3.03,20,0,3,0,0,2,0,0,0,0,20,0.0,jam_only
1,441,-4.2,20,0,3,0,0,4,0,0,0,0,20,0.0,jam_only
1,442,-3.49,20,0,4,0,0,1,0,0,0,0,20,0.0,jam_only
1,443,-5.21,20,0,4,0,0,4,0,0,0,0,20,0.0,jam_only
1,444,0.85,20,0,0,0,0,1,0,0,0,0,20,0.0,jam_only
1,445,-3.87,20,0,1,0,0,8,0,0,0,0,20,0.0,jam_only
1,446,-1.83,20,0,1,0,0,4,0,0,0,0,20,0.0,jam_only
1,447,-0.34,20,0,0,0,0,3,0,0,0,0,20,0.0,jam_only
1,448,-3.35,20,0,2,0,0,5,0,0,0,0,20,0.0,jam_only
1,449,-1.16,20,0,1,0,0,3,0,0,0,0,20,0.0,jam_only
1,450,-0.51,20,0,0,0,0,3,0,0,0,0,20,0.0,jam_only
1,451,-4.5,20,0,2,0,0,8,0,0,0,0,20,0.0,jam_only
1,452,-0.84,20,0,0,0,0,4,0,0,0,0,20,0.0,jam_only
1,453,-1.67,20,0,0,0,0,6,0,0,0,0,20,0.0,jam_only
1,454,-0.15,20,0,0,0,0,3,0,0,0,0,20,0.0,jam_only
1,455,-0.0,20,0,0,0,0,2,0,0,0,0,20,0.0,jam_only
1,456,-3.33,20,0,3,0,0,3,0,0,0,0,20,0.0,jam_only
1,457,-1.61,20,0,2,0,0,2,0,0,0,0,20,0.0,jam_only
1,458,-3.2,20,0,2,0,0,4,0,0,0,0,20,0.0,jam_only
1,459,-0.99,20,0,1,0,0,2,0,0,0,0,20,0.0,jam_only
1,460,-4.02,20,0,3,0,0,4,0,0,0,0,20,0.0,jam_only
1,461,-4.34,20,0,4,0,0,3,0,0,0,0,20,0.0,jam_only
1,462,-8.72,20,0,8,2,0,3,0,0,0,0,20,0.0,jam_only
1,463,-7.73,20,0,7,2,0,3,0,0,0,0,20,0.0,jam_only
1,464,-6.23,20,0,5,1,0,4,0,0,0,0,20,0.0,jam_only
1,465,-6.07,20,0,5,2,0,4,0,0,0,0,20,0.0,jam_only
1,466,-3.8,20,0,5,0,0,0,0,0,0,0,20,0.0,jam_only
1,467,-6.38,20,0,4,3,0,4,0,0,0,0,20,0.0,jam_only
1,468,-7.94,20,0,6,1,0,5,0,0,0,0,20,0.0,jam_only
1,469,-10.18,20,0,7,5,0,7,0,0,0,0,20,0.0,jam_only
1,470,-3.19,20,0,2,5,0,2,0,0,0,0,20,0.0,jam_only
1,471,-1.62,20,0,1,3,0,2,0,0,0,0,20,0.0,jam_only
1,472,-2.1,20,0,1,3,0,3,0,0,0,0,20,0.0,jam_only
1,473,-4.14,20,0,3,5,0,3,0,0,0,0,20,0.0,jam_only
1,474,-5.39,20,0,3,6,0,5,0,0,0,0,20,0.0,jam_only
1,475,-3.71,20,0,4,3,0,1,0,0,0,0,20,0.0,jam_only
1,476,-4.28,20,0,4,3,0,1,0,0,0,0,20,0.0,jam_only
1,477,-4.14,20,0,4,5,0,1,0,0,0,0,20,0.0,jam_only
1,478,-3.99,20,0,3,5,0,2,0,0,0,0,20,0.0,jam_only
1,479,-4.5,20,0,3,4,0,3,0,0,0,0,20,0.0,jam_only
1,480,-5.1,20,0,3,4,0,6,0,0,0,0,20,0.0,jam_only
1,481,-2.7,20,0,3,1,0,1,0,0,0,0,20,0.0,jam_only
1,482,-4.4,20,0,4,2,0,2,0,0,0,0,20,0.0,jam_only
1,483,-1.53,20,0,1,3,0,3,0,0,0,0,20,0.0,jam_only
1,484,-1.83,20,0,1,5,0,2,0,0,0,0,20,0.0,jam_only
1,485,-5.83,20,0,4,9,0,2,0,0,0,0,20,0.0,jam_only
1,486,-5.08,20,0,5,3,0,1,0,0,0,0,20,0.0,jam_only
1,487,-5.81,20,0,3,8,0,4,0,0,0,0,20,0.0,jam_only
1,488,-5.12,20,0,4,3,0,3,0,0,0,0,20,0.0,jam_only
1,489,-8.46,20,0,7,10,0,2,0,0,0,0,20,0.0,jam_only
1,490,-9.12,20,0,5,12,0,5,0,0,0,0,20,0.0,jam_only
1,491,-5.15,20,0,2,9,0,5,0,0,0,0,20,0.0,jam_only
1,492,-6.55,20,0,5,12,0,1,0,0,0,0,20,0.0,jam_only
1,493,-6.46,20,0,4,5,0,6,0,0,0,0,20,0.0,jam_only
1,494,-4.53,20,0,2,11,0,3,0,0,0,0,20,0.0,jam_only
1,495,-8.22,20,0,6,11,0,2,0,0,0,0,20,0.0,jam_only
1,496,-8.71,20,0,6,10,0,3,0,0,0,0,20,0.0,jam_only
1,497,-3.75,20,0,1,14,0,3,0,0,0,0,20,0.0,jam_only
1,498,-2.66,20,0,1,10,0,2,0,0,0,0,20,0.0,jam_only
1,499,-2.75,20,0,2,9,0,1,0,0,0,0,20,0.0,jam_only
1,500,-3.19,20,0,1,11,0,3,0,0,0,0,20,0.0,jam_only
1,501,-5.96,20,0,5,5,0,3,0,0,0,0,20,0.0,jam_only
1,502,-3.44,20,0,1,8,0,4,0,0,0,0,20,0.0,jam_only
1,503,-7.56,20,0,3,11,0,7,0,0,0,0,20,0.0,jam_only
1,504,-4.65,20,0,3,9,0,2,0,0,0,0,20,0.0,jam_only
1,505,-8.03,20,0,6,10,0,2,0,0,0,0,20,0.0,jam_only
1,506,-5.59,20,0,2,11,0,4,0,0,0,0,20,0.0,jam_only
1,507,-3.54,20,0,2,7,0,3,0,0,0,0,20,0.0,jam_only
1,508,-6.46,20,0,5,9,0,1,0,0,0,0,20,0.0,jam_only
1,509,-5.62,20,0,3,9,0,4,0,0,0,0,20,0.0,jam_only
1,510,-7.87,20,0,5,10,0,4,0,0,0,0,20,0.0,jam_only
1,511,-7.41,20,0,5,7,0,4,0,0,0,0,20,0.0,jam_only
1,512,-3.26,20,0,2,9,0,2,0,0,0,0,20,0.0,jam_only
2,1,3.25,20,17,3,0,0,0,0,20,0,0,0,28.8877,jam_only
2,2,0.25,20,18,2,0,0,0,0,0,0,20,0,14.2952,jam_only
2,3,-2.86,20,16,4,0,0,0,0,0,0,20,0,322.0769,jam_only
2,4,2.72,20,20,0,0,0,0,0,0,0,20,0,16.7284,jam_only
2,5,-5.76,20,14,6,0,0,0,0,0,0,20,0,16.7284,jam_only
2,6,-2.14,20,11,3,0,0,0,0,0,0,20,0,16.7048,jam_only
2,7,-4.07,20,5,4,0,0,0,0,0,0,15,5,8.9239,jam_only
2,8,-7.27,20,5,9,0,0,0,0,0,0,9,11,122.1005,jam_only
2,9,-4.98,20,6,5,0,0,3,0,0,0,9,11,19.137,jam_only
2,10,1.15,20,13,1,0,0,1,0,0,0,7,13,5.4563,jam_only
2,11,-3.94,20,7,4,0,0,0,0,0,0,5,15,14.4541,jam_only
2,12,-3.41,20,11,4,0,0,2,0,0,0,4,16,15.2385,jam_only
2,13,-5.42,20,2,3,0,0,3,0,0,0,3,17,13.804,jam_only
2,14,-1.24,20,7,3,0,0,1,0,0,0,3,17,16.6266,jam_only
2,15,-5.4,20,6,5,0,0,3,0,0,0,2,18,15.9651,jam_only
2,16,1.61,20,13,0,0,0,3,0,0,0,2,18,345.189,jam_only
2,17,-6.06,20,6,4,0,0,4,0,0,0,1,19,14.0674,jam_only
2,18,-4.83,20,8,5,0,0,3,0,0,0,1,19,123.5564,jam_only
2,19,-2.0,20,3,1,0,0,3,0,0,0,0,20,16.9774,jam_only
2,20,0.5,20,9,1,0,0,2,0,0,0,0,20,13.1887,jam_only
2,21,-0.38,20,4,0,0,0,1,0,0,0,0,20,16.2538,jam_only
2,22,-3.41,20,5,3,0,0,4,0,0,0,0,20,120.4511,jam_only
2,23,-7.1,20,2,5,0,0,5,0,0,0,0,20,4.6105,jam_only
2,24,-3.33,20,10,4,0,0,5,0,0,0,0,20,17.9978,jam_only
2,25,-6.09,20,5,4,0,0,4,0,0,0,0,20,14.2877,jam_only
2,26,-5.21,20,4,4,0,0,5,0,0,0,0,20,123.7284,jam_only
2,27,-3.73,20,3,4,0,0,2,0,0,0,0,20,15.466,jam_only
2,28,-7.16,20,3,5,0,0,7,0,0,0,0,20,14.2877,jam_only
2,29,-2.15,20,7,3,0,0,3,0,0,0,0,20,5.9383,jam_only
2,30,-7.47,20,7,6,0,0,6,0,0,0,0,20,152.3656,jam_only
2,31,-1.93,20,4,1,0,0,2,0,0,0,0,20,238.3352,jam_only
2,32,-0.63,20,8,2,0,0,2,0,0,0,0,20,14.1766,jam_only
2,33,-3.35,20,6,1,0,0,6,0,0,0,0,20,18.392,jam_only
2,34,-3.97,20,5,3,0,0,3,0,0,0,0,20,19.0457,jam_only
2,35,-6.11,20,7,5,0,0,4,0,0,0,0,20,17.5182,jam_only
2,36,-3.91,20,2,4,0,0,0,0,0,0,0,20,15.3592,jam_only
2,37,-1.13,20,10,3,0,0,3,0,0,0,0,20,135.853,jam_only
2,38,0.71,20,10,0,0,0,1,0,0,0,0,20,18.7707,jam_only
2,39,-5.24,20,4,2,0,0,5,0,0,0,0,20,6.9885,jam_only
2,40,-4.99,20,1,2,0,0,6,0,0,0,0,20,5.5731,jam_only
2,41,-4.11,20,2,3,0,0,5,0,0,0,0,20,19.4298,jam_only
2,42,-2.58,20,3,2,0,0,4,0,0,0,0,20,17.6663,jam_only
2,43,-4.97,20,3,4,0,0,5,0,0,0,0,20,19.8851,jam_only
2,44,-1.63,20,3,2,0,0,2,0,0,0,0,20,13.6632,jam_only
2,45,-2.91,20,4,2,0,0,5,0,0,0,0,20,119.1676,jam_only
2,46,-5.88,20,1,6,0,0,1,0,0,0,0,20,124.5358,jam_only
2,47,-2.32,20,1,2,0,0,3,0,0,0,0,20,129.7884,jam_only
2,48,-7.28,20,2,7,0,0,3,0,0,0,0,20,53.9893,jam_only
2,49,-4.18,20,2,4,0,0,2,0,0,0,0,20,9.1584,jam_only
2,50,-11.25,20,1,10,0,0,4,0,0,0,0,20,128.1335,jam_only
2,51,-0.25,20,2,1,0,0,1,0,0,0,0,20,228.4018,jam_only
2,52,-4.77,20,1,4,0,0,3,0,0,0,0,20,17.4582,jam_only
2,53,-4.4,20,1,3,0,0,4,0,0,0,0,20,13.1666,jam_only
2,54,-4.76,20,0,4,0,0,3,0,0,0,0,20,0.0,jam_only
2,55,-3.7,20,2,3,0,0,4,0,0,0,0,20,12.0776,jam_only
2,56,-3.52,20,8,5,0,0,2,0,0,0,0,20,13.7272,jam_only
2,57,-1.49,20,6,2,0,0,1,0,0,0,0,20,159.6099,jam_only
2,58,-8.84,20,2,6,0,0,6,0,0,0,0,20,14.7384,jam_only
2,59,-5.46,20,0,6,0,0,1,0,0,0,0,20,0.0,jam_only
2,60,-8.54,20,0,6,0,0,7,0,0,0,0,20,0.0,jam_only
2,61,-5.27,20,1,5,0,0,3,0,0,0,0,20,4.1349,jam_only
2,62,-4.47,20,1,3,0,0,6,0,0,0,0,20,14.7384,jam_only
2,63,-2.18,20,3,3,0,0,1,0,0,0,0,20,14.7384,jam_only
2,64,-5.03,20,1,4,0,0,3,0,0,0,0,20,15.1907,jam_only
2,65,-3.93,20,2,2,0,0,7,0,0,0,0,20,19.0457,jam_only
2,66,-3.92,20,1,2,0,0,6,0,0,0,0,20,3.5863,jam_only
2,67,-3.52,20,1,2,0,0,5,0,0,0,0,20,14.2891,jam_only
2,68,-6.5,20,0,6,0,0,1,0,0,0,0,20,0.0,jam_only
2,69,-6.68,20,1,7,0,0,3,0,0,0,0,20,18.3411,jam_only
2,70,-1.31,20,3,2,0,0,2,0,0,0,0,20,17.4863,jam_only
2,71,-2.52,20,1,1,0,0,4,0,0,0,0,20,14.5567,jam_only
2,72,-2.85,20,3,3,0,0,3,0,0,0,0,20,15.4445,jam_only
2,73,-2.41,20,0,2,0,0,2,0,0,0,0,20,0.0,jam_only
2,74,-2.51,20,0,2,0,0,3,0,0,0,0,20,0.0,jam_only
2,75,-0.93,20,1,2,0,0,0,0,0,0,0,20,109.0592,jam_only
2,76,-8.75,20,0,7,0,0,6,0,0,0,0,20,0.0,jam_only
2,77,-4.39,20,1,4,0,0,4,0,0,0,0,20,110.8675,jam_only
2,78,-4.21,20,2,3,0,0,6,0,0,0,0,20,17.8493,jam_only
2,79,-7.85,20,0,7,0,0,3,0,0,0,0,20,0.0,jam_only
2,80,-6.34,20,2,6,0,0,4,0,0,0,0,20,19.1417,jam_only
2,81,-3.22,20,1,3,0,0,3,0,0,0,0,20,111.7793,jam_only
2,82,-2.77,20,2,3,0,0,2,0,0,0,0,20,11.8002,jam_only
2,83,-3.77,20,3,3,0,0,4,0,0,0,0,20,17.8493,jam_only
2,84,-3.25,20,4,4,0,0,1,0,0,0,0,20,18.7707,jam_only
2,85,-4.39,20,3,4,0,0,3,0,0,0,0,20,17.2076,jam_only
2,86,-6.93,20,0,7,0,0,0,0,0,0,0,20,0.0,jam_only
2,87,-9.49,20,1,9,0,0,3,0,0,0,0,20,14.7371,jam_only
2,88,-4.6,20,0,3,0,0,5,0,0,0,0,20,0.0,jam_only
2,89,-7.87,20,0,6,0,0,6,0,0,0,0,20,0.0,jam_only
2,90,-3.56,20,2,2,0,0,6,0,0,0,0,20,7.4846,jam_only
2,91,-1.0,20,2,0,0,0,5,0,0,0,0,20,4.5186,jam_only
2,92,-2.94,20,1,3,0,0,1,0,0,0,0,20,18.5197,jam_only
2,93,-8.08,20,0,8,0,0,2,0,0,0,0,20,0.0,jam_only
2,94,-7.46,20,1,6,0,0,5,0,0,0,0,20,14.6171,jam_only
2,95,-4.22,20,0,3,0,0,5,0,0,0,0,20,0.0,jam_only
2,96,-3.13,20,1,3,0,0,2,0,0,0,0,20,11.4347,jam_only
2,97,-3.61,20,1,2,0,0,4,0,0,0,0,20,16.6686,jam_only
2,98,-2.41,20,0,2,0,0,3,0,0,0,0,20,0.0,jam_only
2,99,-3.97,20,0,4,0,0,3,0,0,0,0,20,0.0,jam_only
2,100,-2.14,20,0,2,0,0,3,0,0,0,0,20,0.0,jam_only
2,101,-6.51,20,0,5,0,0,5,0,0,0,0,20,0.0,jam_only
2,102,-7.23,20,1,8,0,0,1,0,0,0,0,20,13.7083,jam_only
2,103,-2.55,20,0,1,0,0,6,0,0,0,0,20,0.0,jam_only
2,104,-3.28,20,1,2,0,0,5,0,0,0,0,20,12.7561,jam_only
2,105,-2.85,20,1,3,0,0,2,0,0,0,0,20,22.4273,jam_only
2,106,-4.84,20,1,3,0,0,6,0,0,0,0,20,14.0674,jam_only
2,107,-11.87,20,1,10,0,0,6,0,0,0,0,20,14.4406,jam_only
2,108,-5.0,20,1,5,0,0,2,0,0,0,0,20,14.7283,jam_only
2,109,-6.11,20,0,4,0,0,6,0,0,0,0,20,0.0,jam_only
2,110,-6.16,20,0,5,0,0,5,0,0,0,0,20,0.0,jam_only
2,111,-1.68,20,1,3,0,0,1,0,0,0,0,20,13.2049,jam_only
2,112,-6.27,20,0,5,0,0,4,0,0,0,0,20,0.0,jam_only
2,113,-3.64,20,0,4,0,0,2,0,0,0,0,20,0.0,jam_only
2,114,-7.08,20,1,6,0,0,5,0,0,0,0,20,5.8393,jam_only
2,115,-2.29,20,1,3,0,0,1,0,0,0,0,20,13.9996,jam_only
2,116,-5.66,20,0,4,0,0,4,0,0,0,0,20,0.0,jam_only
2,117,-5.6,20,1,4,0,0,6,0,0,0,0,20,4.6718,jam_only
2,118,-5.8,20,0,4,0,0,5,0,0,0,0,20,0.0,jam_only
2,119,-1.51,20,0,1,0,0,3,0,0,0,0,20,0.0,jam_only
2,120,-1.89,20,1,2,0,0,3,0,0,0,0,20,361.3767,jam_only
2,121,-3.78,20,0,2,0,0,5,0,0,0,0,20,0.0,jam_only
2,122,-7.97,20,2,8,0,0,4,0,0,0,0,20,11.0322,jam_only
2,123,-2.73,20,0,2,0,0,2,0,0,0,0,20,0.0,jam_only
2,124,-8.77,20,1,8,0,0,4,0,0,0,0,20,17.6119,jam_only
2,125,-2.7,20,0,3,0,0,2,0,0,0,0,20,0.0,jam_only
2,126,-7.69,20,0,5,0,0,8,0,0,0,0,20,0.0,jam_only
2,127,-5.53,20,0,4,0,0,5,0,0,0,0,20,0.0,jam_only
2,128,-1.32,20,0,2,0,0,1,0,0,0,0,20,0.0,jam_only
2,129,-4.21,20,0,3,0,0,4,0,0,0,0,20,0.0,jam_only
2,130,-4.03,20,0,3,0,0,4,0,0,0,0,20,0.0,jam_only
2,131,-8.47,20,1,7,0,0,5,0,0,0,0,20,239.93,jam_only
2,132,-2.37,20,0,2,0,0,3,0,0,0,0,20,0.0,jam_only
2,133,-4.8,20,0,5,0,0,2,0,0,0,0,20,0.0,jam_only
2,134,-2.64,20,0,2,0,0,4,0,0,0,0,20,0.0,jam_only
2,135,-4.71,20,0,4,0,0,3,0,0,0,0,20,0.0,jam_only
2,136,-2.85,20,1,2,0,0,3,0,0,0,0,20,7.8426,jam_only
2,137,-3.62,20,2,4,0,0,1,0,0,0,0,20,13.8729,jam_only
2,138,-5.66,20,0,5,0,0,3,0,0,0,0,20,0.0,jam_only
2,139,-8.03,20,0,7,0,0,4,0,0,0,0,20,0.0,jam_only
2,140,-8.14,20,0,7,0,0,5,0,0,0,0,20,0.0,jam_only
2,141,-3.4,20,0,1,0,0,6,0,0,0,0,20,0.0,jam_only
2,142,-7.05,20,0,6,0,0,4,0,0,0,0,20,0.0,jam_only
2,143,-7.15,20,0,7,0,0,3,0,0,0,0,20,0.0,jam_only
2,144,-1.5,20,0,2,0,0,1,0,0,0,0,20,0.0,jam_only
2,145,-2.46,20,1,2,0,0,3,0,0,0,0,20,243.9711,jam_only
2,146,-5.18,20,1,4,0,0,5,0,0,0,0,20,9.9872,jam_only
2,147,-2.95,20,1,3,0,0,3,0,0,0,0,20,13.7083,jam_only
2,148,-3.49,20,0,3,0,0,1,0,0,0,0,20,0.0,jam_only
2,149,-1.97,20,0,1,0,0,5,0,0,0,0,20,0.0,jam_only
2,150,-2.84,20,0,3,0,0,2,0,0,0,0,20,0.0,jam_only
2,151,-1.89,20,1,2,0,0,3,0,0,0,0,20,17.14,jam_only
2,152,-3.21,20,2,3,0,0,4,0,0,0,0,20,340.1677,jam_only
2,153,-1.25,20,1,1,0,0,2,0,0,0,0,20,15.567,jam_only
2,154,-3.02,20,1,3,0,0,2,0,0,0,0,20,14.9986,jam_only
2,155,-2.75,20,0,3,0,0,2,0,0,0,0,20,0.0,jam_only
2,156,-3.89,20,0,3,0,0,3,0,0,0,0,20,0.0,jam_only
2,157,-4.17,20,1,4,0,0,2,0,0,0,0,20,21.2605,jam_only
2,158,-3.91,20,0,3,0,0,4,0,0,0,0,20,0.0,jam_only
2,159,-2.13,20,0,3,0,0,1,0,0,0,0,20,0.0,jam_only
2,160,-3.97,20,0,3,0,0,5,0,0,0,0,20,0.0,jam_only
2,161,-9.91,20,0,10,0,0,1,0,0,0,0,20,0.0,jam_only
2,162,-6.51,20,0,6,0,0,3,0,0,0,0,20,0.0,jam_only
2,163,-9.06,20,0,7,0,0,6,0,0,0,0,20,0.0,jam_only
2,164,-5.07,20,1,5,0,0,3,0,0,0,0,20,13.2049,jam_only
2,165,-1.98,20,1,2,0,0,3,0,0,0,0,20,13.4142,jam_only
2,166,-7.14,20,0,6,0,0,3,0,0,0,0,20,0.0,jam_only
2,167,-1.14,20,0,1,0,0,3,0,0,0,0,20,0.0,jam_only
2,168,-5.63,20,0,5,0,0,4,0,0,0,0,20,0.0,jam_only
2,169,-2.5,20,0,2,0,0,3,0,0,0,0,20,0.0,jam_only
2,170,-3.78,20,0,3,0,0,2,0,0,0,0,20,0.0,jam_only
2,171,-4.67,20,0,4,0,0,4,0,0,0,0,20,0.0,jam_only
2,172,-2.07,20,1,3,0,0,1,0,0,0,0,20,15.8962,jam_only
2,173,-6.55,20,0,4,0,0,8,0,0,0,0,20,0.0,jam_only
2,174,-4.01,20,0,4,0,0,2,0,0,0,0,20,0.0,jam_only
2,175,-4.66,20,0,4,0,0,4,0,0,0,0,20,0.0,jam_only
2,176,0.63,20,1,0,0,0,2,0,0,0,0,20,14.2274,jam_only
2,177,-8.8,20,0,7,0,0,5,0,0,0,0,20,0.0,jam_only
2,178,-4.19,20,0,4,0,0,2,0,0,0,0,20,0.0,jam_only
2,179,-2.3,20,0,3,0,0,1,0,0,0,0,20,0.0,jam_only
2,180,-7.16,20,0,6,0,0,5,0,0,0,0,20,0.0,jam_only
2,181,-2.91,20,0,2,0,0,3,0,0,0,0,20,0.0,jam_only
2,182,-3.36,20,0,2,0,0,5,0,0,0,0,20,0.0,jam_only
2,183,-3.61,20,1,2,0,0,6,0,0,0,0,20,90.6533,jam_only
2,184,-1.37,20,0,2,0,0,1,0,0,0,0,20,0.0,jam_only
2,185,-0.74,20,1,0,0,0,5,0,0,0,0,20,15.2595,jam_only
2,186,-6.68,20,1,6,0,0,4,0,0,0,0,20,7.2299,jam_only
2,187,-3.07,20,0,3,0,0,2,0,0,0,0,20,0.0,jam_only
2,188,-2.63,20,0,2,0,0,4,0,0,0,0,20,0.0,jam_only
2,189,-5.16,20,0,4,0,0,5,0,0,0,0,20,0.0,jam_only
2,190,-6.96,20,0,7,0,0,3,0,0,0,0,20,0.0,jam_only
2,191,-4.44,20,0,5,0,0,2,0,0,0,0,20,0.0,jam_only
2,192,-4.35,20,0,4,0,0,3,0,0,0,0,20,0.0,jam_only
2,193,-5.05,20,0,4,0,0,4,0,0,0,0,20,0.0,jam_only
2,194,-6.9,20,0,5,0,0,5,0,0,0,0,20,0.0,jam_only
2,195,-4.51,20,0,5,0,0,1,0,0,0,0,20,0.0,jam_only
2,196,-3.64,20,0,3,0,0,4,0,0,0,0,20,0.0,jam_only
2,197,-6.69,20,0,6,0,0,3,0,0,0,0,20,0.0,jam_only
2,198,-5.16,20,0,4,0,0,5,0,0,0,0,20,0.0,jam_only
2,199,-0.71,20,0,0,0,0,3,0,0,0,0,20,0.0,jam_only
2,200,-0.38,20,0,0,0,0,2,0,0,0,0,20,0.0,jam_only
2,201,-6.53,20,0,4,0,0,7,0,0,0,0,20,0.0,jam_only
2,202,-6.98,20,0,5,0,0,7,0,0,0,0,20,0.0,jam_only
2,203,-6.13,20,0,6,0,0,3,0,0,0,0,20,0.0,jam_only
2,204,-11.81,20,1,12,0,0,2,0,0,0,0,20,8.6518,jam_only
2,205,-6.23,20,0,5,0,0,5,0,0,0,0,20,0.0,jam_only
2,206,-6.51,20,0,7,0,0,1,0,0,0,0,20,0.0,jam_only
2,207,-4.86,20,0,4,0,0,4,0,0,0,0,20,0.0,jam_only
2,208,-4.02,20,0,3,0,0,4,0,0,0,0,20,0.0,jam_only
2,209,-5.86,20,0,6,0,0,1,0,0,0,0,20,0.0,jam_only
2,210,-6.51,20,0,7,0,0,1,0,0,0,0,20,0.0,jam_only
2,211,-5.18,20,0,5,0,0,2,0,0,0,0,20,0.0,jam_only
2,212,-6.01,20,0,6,0,0,2,0,0,0,0,20,0.0,jam_only
2,213,-2.35,20,0,2,0,0,3,0,0,0,0,20,0.0,jam_only
2,214,-4.62,20,0,4,0,0,4,0,0,0,0,20,0.0,jam_only
2,215,-6.15,20,0,6,0,0,3,0,0,0,0,20,0.0,jam_only
2,216,-1.44,20,0,1,0,0,4,0,0,0,0,20,0.0,jam_only
2,217,-3.93,20,0,4,0,0,3,0,0,0,0,20,0.0,jam_only
2,218,-2.56,20,0,2,0,0,3,0,0,0,0,20,0.0,jam_only
2,219,-0.57,20,0,1,0,0,0,0,0,0,0,20,0.0,jam_only
2,220,-3.44,20,0,3,0,0,4,0,0,0,0,20,0.0,jam_only
2,221,-1.02,20,0,1,0,0,2,0,0,0,0,20,0.0,jam_only
2,222,-0.83,20,0,0,0,0,4,0,0,0,0,20,0.0,jam_only
2,223,-3.12,20,0,4,0,0,1,0,0,0,0,20,0.0,jam_only
2,224,-0.13,20,0,0,0,0,3,0,0,0,0,20,0.0,jam_only
2,225,0.85,20,0,0,0,0,1,0,0,0,0,20,0.0,jam_only
2,226,-1.65,20,0,1,0,0,4,0,0,0,0,20,0.0,jam_only
2,227,-1.19,20,0,1,0,0,2,0,0,0,0,20,0.0,jam_only
2,228,-4.02,20,0,3,0,0,4,0,0,0,0,20,0.0,jam_only
2,229,-3.81,20,0,4,0,0,2,0,0,0,0,20,0.0,jam_only
2,230,-2.14,20,1,1,0,0,4,0,0,0,0,20,18.5197,jam_only
2,231,-0.86,20,1,0,0,0,4,0,0,0,0,20,12.6237,jam_only
2,232,-5.16,20,0,5,0,0,1,0,0,0,0,20,0.0,jam_only
2,233,-5.21,20,0,4,0,0,4,0,0,0,0,20,0.0,jam_only
2,234,-5.02,20,0,4,0,0,4,0,0,0,0,20,0.0,jam_only
2,235,-2.13,20,0,2,0,0,3,0,0,0,0,20,0.0,jam_only
2,236,-6.84,20,0,6,0,0,4,0,0,0,0,20,0.0,jam_only
2,237,-3.66,20,0,2,0,0,6,0,0,0,0,20,0.0,jam_only
2,238,-1.5,20,0,1,0,0,3,0,0,0,0,20,0.0,jam_only
2,239,-2.63,20,0,2,0,0,4,0,0,0,0,20,0.0,jam_only
2,240,-6.16,20,0,6,0,0,3,0,0,0,0,20,0.0,jam_only
2,241,-1.31,20,0,2,0,0,1,0,0,0,0,20,0.0,jam_only
2,242,-4.16,20,0,3,0,0,5,0,0,0,0,20,0.0,jam_only
2,243,-4.15,20,0,4,0,0,3,0,0,0,0,20,0.0,jam_only
2,244,0.37,20,0,1,0,0,0,0,0,0,0,20,0.0,jam_only
2,245,-1.51,20,0,1,0,0,3,0,0,0,0,20,0.0,jam_only
2,246,-5.99,20,0,5,0,0,5,0,0,0,0,20,0.0,jam_only
2,247,-6.87,20,0,5,0,0,6,0,0,0,0,20,0.0,jam_only
2,248,-4.44,20,0,5,0,0,2,0,0,0,0,20,0.0,jam_only
2,249,-0.81,20,0,1,0,0,2,0,0,0,0,20,0.0,jam_only
2,250,-2.45,20,0,3,0,0,2,0,0,0,0,20,0.0,jam_only
2,251,-1.33,20,0,1,0,0,3,0,0,0,0,20,0.0,jam_only
2,252,-4.66,20,0,4,0,0,4,0,0,0,0,20,0.0,jam_only
2,253,-2.83,20,0,3,0,0,2,0,0,0,0,20,0.0,jam_only
2,254,-3.35,20,0,2,0,0,5,0,0,0,0,20,0.0,jam_only
2,255,-7.71,20,0,6,0,0,5,0,0,0,0,20,0.0,jam_only
2,256,-6.19,20,0,6,0,0,2,0,0,0,0,20,0.0,jam_only
2,257,-3.96,20,0,3,0,0,5,0,0,0,0,20,0.0,jam_only
2,258,-1.16,20,0,1,0,0,3,0,0,0,0,20,0.0,jam_only
2,259,-0.53,20,0,0,0,0,3,0,0,0,0,20,0.0,jam_only
2,260,-2.36,20,0,1,0,0,5,0,0,0,0,20,0.0,jam_only
2,261,-0.63,20,0,0,0,0,4,0,0,0,0,20,0.0,jam_only
2,262,-3.52,20,0,2,0,0,5,0,0,0,0,20,0.0,jam_only
2,263,-4.19,20,0,4,0,0,2,0,0,0,0,20,0.0,jam_only
2,264,-1.41,20,0,0,0,0,4,0,0,0,0,20,0.0,jam_only
2,265,-0.31,20,0,0,0,0,3,0,0,0,0,20,0.0,jam_only
2,266,-0.52,20,0,0,0,0,3,0,0,0,0,20,0.0,jam_only
2,267,-1.18,20,0,0,0,0,5,0,0,0,0,20,0.0,jam_only
2,268,-1.01,20,0,0,0,0,4,0,0,0,0,20,0.0,jam_only
2,269,-0.5,20,0,0,0,0,3,0,0,0,0,20,0.0,jam_only
2,270,-0.5,20,0,0,0,0,3,0,0,0,0,20,0.0,jam_only
2,271,-1.64,20,1,1,0,0,3,0,0,0,0,20,19.9877,jam_only
2,272,0.46,20,0,0,0,0,1,0,0,0,0,20,0.0,jam_only
2,273,-2.3,20,1,0,0,0,7,0,0,0,0,20,15.3948,jam_only
2,274,-1.58,20,0,1,0,0,3,0,0,0,0,20,0.0,jam_only
2,275,-1.7,20,0,1,0,0,3,0,0,0,0,20,0.0,jam_only
2,276,-0.99,20,0,1,0,0,2,0,0,0,0,20,0.0,jam_only
2,277,-2.51,20,0,2,0,0,3,0,0,0,0,20,0.0,jam_only
2,278,-1.78,20,0,1,0,0,5,0,0,0,0,20,0.0,jam_only
2,279,-4.02,20,0,3,0,0,4,0,0,0,0,20,0.0,jam_only
2,280,-2.13,20,0,2,0,0,3,0,0,0,0,20,0.0,jam_only
2,281,-2.83,20,0,2,0,0,4,0,0,0,0,20,0.0,jam_only
2,282,-4.2,20,0,3,0,0,4,0,0,0,0,20,0.0,jam_only
2,283,-2.66,20,0,2,0,0,4,0,0,0,0,20,0.0,jam_only
2,284,-3.83,20,0,3,0,0,4,0,0,0,0,20,0.0,jam_only
2,285,0.87,20,0,0,0,0,1,0,0,0,0,20,0.0,jam_only
2,286,-1.63,20,0,1,0,0,4,0,0,0,0,20,0.0,jam_only
2,287,0.22,20,0,1,0,0,0,0,0,0,0,20,0.0,jam_only
2,288,-1.19,20,0,2,0,0,0,0,0,0,0,20,0.0,jam_only
2,289,-4.17,20,0,3,0,0,5,0,0,0,0,20,0.0,jam_only
2,290,-2.15,20,0,3,0,0,1,0,0,0,0,20,0.0,jam_only
2,291,-3.16,20,0,2,0,0,5,0,0,0,0,20,0.0,jam_only
2,292,-1.43,20,0,1,0,0,4,0,0,0,0,20,0.0,jam_only
2,293,-1.31,20,0,1,0,0,3,0,0,0,0,20,0.0,jam_only
2,294,-0.52,20,0,0,0,0,3,0,0,0,0,20,0.0,jam_only
2,295,-3.01,20,0,2,0,0,4,0,0,0,0,20,0.0,jam_only
2,296,-5.17,20,0,4,0,0,5,0,0,0,0,20,0.0,jam_only
2,297,-6.15,20,0,5,0,0,5,0,0,0,0,20,0.0,jam_only
2,298,-4.49,20,0,3,0,0,6,0,0,0,0,20,0.0,jam_only
2,299,-2.14,20,0,2,0,0,3,0,0,0,0,20,0.0,jam_only
2,300,-5.92,20,0,5,0,0,3,0,0,0,0,20,0.0,jam_only
2,301,-3.24,20,0,4,0,0,2,0,0,0,0,20,0.0,jam_only
2,302,-2.9,20,0,2,0,0,3,0,0,0,0,20,0.0,jam_only
2,303,-5.14,20,0,5,0,0,3,0,0,0,0,20,0.0,jam_only
2,304,-2.63,20,0,2,0,0,4,0,0,0,0,20,0.0,jam_only
2,305,-4.02,20,0,4,0,0,2,0,0,0,0,20,0.0,jam_only
2,306,-4.68,20,0,4,0,0,4,0,0,0,0,20,0.0,jam_only
2,307,-7.4,20,0,6,0,0,4,0,0,0,0,20,0.0,jam_only
2,308,-5.01,20,0,5,0,0,2,0,0,0,0,20,0.0,jam_only
2,309,-5.04,20,0,4,0,0,4,0,0,0,0,20,0.0,jam_only
2,310,-3.35,20,0,2,0,0,5,0,0,0,0,20,0.0,jam_only
2,311,-5.09,20,0,4,0,0,3,0,0,0,0,20,0.0,jam_only
2,312,-0.85,20,0,0,0,0,4,0,0,0,0,20,0.0,jam_only
2,313,-1.98,20,0,2,0,0,3,0,0,0,0,20,0.0,jam_only
2,314,-3.68,20,0,2,0,0,6,0,0,0,0,20,0.0,jam_only
2,315,-5.1,20,0,6,0,0,1,0,0,0,0,20,0.0,jam_only
2,316,-2.13,20,0,2,0,0,3,0,0,0,0,20,0.0,jam_only
2,317,-0.99,20,0,1,0,0,2,0,0,0,0,20,0.0,jam_only
2,318,-5.01,20,0,4,0,0,4,0,0,0,0,20,0.0,jam_only
2,319,-4.07,20,0,4,0,0,1,0,0,0,0,20,0.0,jam_only
2,320,-4.11,20,0,5,0,0,1,0,0,0,0,20,0.0,jam_only
2,321,-5.03,20,0,4,0,0,4,0,0,0,0,20,0.0,jam_only
2,322,-7.16,20,0,6,0,0,5,0,0,0,0,20,0.0,jam_only
2,323,-0.82,20,0,1,0,0,2,0,0,0,0,20,0.0,jam_only
2,324,-3.26,20,0,2,0,0,6,0,0,0,0,20,0.0,jam_only
2,325,-6.31,20,0,6,0,0,3,0,0,0,0,20,0.0,jam_only
2,326,-9.62,20,0,10,0,0,2,0,0,0,0,20,0.0,jam_only
2,327,-8.72,20,0,7,0,0,5,0,0,0,0,20,0.0,jam_only
2,328,-8.55,20,0,8,0,0,3,0,0,0,0,20,0.0,jam_only
2,329,-10.66,20,0,9,0,0,6,0,0,0,0,20,0.0,jam_only
2,330,-6.17,20,0,5,0,0,5,0,0,0,0,20,0.0,jam_only
2,331,-2.12,20,0,2,0,0,3,0,0,0,0,20,0.0,jam_only
2,332,-3.34,20,0,3,0,0,3,0,0,0,0,20,0.0,jam_only
2,333,-1.85,20,0,1,0,0,4,0,0,0,0,20,0.0,jam_only
2,334,-6.47,20,0,5,0,0,6,0,0,0,0,20,0.0,jam_only
2,335,-5.35,20,0,4,0,0,5,0,0,0,0,20,0.0,jam_only
2,336,-2.97,20,0,2,0,0,5,0,0,0,0,20,0.0,jam_only
2,337,-2.92,20,0,4,0,0,1,0,0,0,0,20,0.0,jam_only
2,338,-1.62,20,0,2,0,0,2,0,0,0,0,20,0.0,jam_only
2,339,-1.45,20,0,1,0,0,4,0,0,0,0,20,0.0,jam_only
2,340,-3.71,20,0,4,0,0,1,0,0,0,0,20,0.0,jam_only
2,341,-2.5,20,0,3,0,0,1,0,0,0,0,20,0.0,jam_only
2,342,-3.34,20,0,3,0,0,3,0,0,0,0,20,0.0,jam_only
2,343,-6.19,20,0,4,0,0,7,0,0,0,0,20,0.0,jam_only
2,344,-4.27,20,0,4,0,0,4,0,0,0,0,20,0.0,jam_only
2,345,-8.71,20,0,8,0,0,3,0,0,0,0,20,0.0,jam_only
2,346,-6.15,20,0,5,0,0,5,0,0,0,0,20,0.0,jam_only
2,347,-5.23,20,0,4,0,0,4,0,0,0,0,20,0.0,jam_only
2,348,-5.53,20,0,5,0,0,3,0,0,0,0,20,0.0,jam_only
2,349,-3.36,20,0,1,0,0,7,0,0,0,0,20,0.0,jam_only
2,350,-4.82,20,0,5,0,0,2,0,0,0,0,20,0.0,jam_only
2,351,-11.11,20,0,8,0,0,7,0,0,0,0,20,0.0,jam_only
2,352,-3.32,20,0,3,0,0,3,0,0,0,0,20,0.0,jam_only
2,353,-5.5,20,0,6,0,0,1,0,0,0,0,20,0.0,jam_only
2,354,-3.96,20,0,4,0,0,3,0,0,0,0,20,0.0,jam_only
2,355,-1.33,20,0,1,0,0,3,0,0,0,0,20,0.0,jam_only
2,356,-4.15,20,0,4,0,0,3,0,0,0,0,20,0.0,jam_only
2,357,-6.19,20,0,5,0,0,4,0,0,0,0,20,0.0,jam_only
2,358,-3.02,20,0,2,0,0,4,0,0,0,0,20,0.0,jam_only
2,359,-6.14,20,0,7,0,0,1,0,0,0,0,20,0.0,jam_only
2,360,-4.71,20,0,5,0,0,1,0,0,0,0,20,0.0,jam_only
2,361,-5.44,20,0,5,0,0,4,0,0,0,0,20,0.0,jam_only
2,362,-7.14,20,0,7,0,0,3,0,0,0,0,20,0.0,jam_only
2,363,-4.84,20,0,5,0,0,2,0,0,0,0,20,0.0,jam_only
2,364,-11.21,20,0,10,0,0,4,0,0,0,0,20,0.0,jam_only
2,365,-9.15,20,0,8,0,0,5,0,0,0,0,20,0.0,jam_only
2,366,-8.66,20,0,6,0,0,8,0,0,0,0,20,0.0,jam_only
2,367,-6.66,20,0,6,0,0,4,0,0,0,0,20,0.0,jam_only
2,368,-5.85,20,0,4,0,0,6,0,0,0,0,20,0.0,jam_only
2,369,-7.14,20,0,7,0,0,3,0,0,0,0,20,0.0,jam_only
2,370,-5.52,20,0,4,0,0,5,0,0,0,0,20,0.0,jam_only
2,371,-8.87,20,0,8,0,0,4,0,0,0,0,20,0.0,jam_only
2,372,-8.73,20,0,7,0,0,5,0,0,0,0,20,0.0,jam_only
2,373,-1.93,20,0,2,0,0,3,0,0,0,0,20,0.0,jam_only
2,374,-2.95,20,0,3,0,0,3,0,0,0,0,20,0.0,jam_only
2,375,-3.9,20,0,3,0,0,3,0,0,0,0,20,0.0,jam_only
2,376,-5.44,20,0,6,0,0,2,0,0,0,0,20,0.0,jam_only
2,377,-6.26,20,0,5,0,0,6,0,0,0,0,20,0.0,jam_only
2,378,-6.22,20,0,5,0,0,4,0,0,0,0,20,0.0,jam_only
2,379,-1.82,20,0,1,0,0,4,0,0,0,0,20,0.0,jam_only
2,380,-1.66,20,0,1,0,0,4,0,0,0,0,20,0.0,jam_only
2,381,-3.15,20,0,1,0,0,7,0,0,0,0,20,0.0,jam_only
2,382,-7.04,20,0,6,0,0,4,0,0,0,0,20,0.0,jam_only
2,383,-6.15,20,0,5,0,0,5,0,0,0,0,20,0.0,jam_only
2,384,-5.13,20,0,4,0,0,5,0,0,0,0,20,0.0,jam_only
2,385,-6.9,20,0,6,0,0,3,0,0,0,0,20,0.0,jam_only
2,386,-5.01,20,0,5,0,0,2,0,0,0,0,20,0.0,jam_only
2,387,-0.49,20,0,1,0,0,1,0,0,0,0,20,0.0,jam_only
2,388,-1.97,20,0,0,0,0,7,0,0,0,0,20,0.0,jam_only
2,389,-1.55,20,0,1,0,0,3,0,0,0,0,20,0.0,jam_only
2,390,-2.33,20,0,2,0,0,3,0,0,0,0,20,0.0,jam_only
2,391,-7.49,20,0,7,0,0,4,0,0,0,0,20,0.0,jam_only
2,392,-2.07,20,0,1,0,0,3,0,0,0,0,20,0.0,jam_only
2,393,-8.17,20,0,7,0,0,5,0,0,0,0,20,0.0,jam_only
2,394,-3.85,20,0,2,0,0,6,0,0,0,0,20,0.0,jam_only
2,395,-5.72,20,0,5,0,0,3,0,0,0,0,20,0.0,jam_only
2,396,-2.44,20,0,2,0,0,4,0,0,0,0,20,0.0,jam_only
2,397,-4.57,20,0,2,0,0,7,0,0,0,0,20,0.0,jam_only
2,398,-0.01,20,0,0,0,0,2,0,0,0,0,20,0.0,jam_only
2,399,-6.06,20,0,5,0,0,4,0,0,0,0,20,0.0,jam_only
2,400,-2.3,20,0,3,0,0,1,0,0,0,0,20,0.0,jam_only
2,401,-3.31,20,0,4,0,0,1,0,0,0,0,20,0.0,jam_only
2,402,-2.83,20,0,2,0,0,4,0,0,0,0,20,0.0,jam_only
2,403,-1.65,20,0,1,0,0,4,0,0,0,0,20,0.0,jam_only
2,404,-1.8,20,0,2,0,0,2,0,0,0,0,20,0.0,jam_only
2,405,0.69,20,0,0,0,0,1,0,0,0,0,20,0.0,jam_only
2,406,-1.98,20,0,2,0,0,2,0,0,0,0,20,0.0,jam_only
2,407,-1.2,20,0,1,0,0,2,0,0,0,0,20,0.0,jam_only
2,408,-0.33,20,0,1,0,0,1,0,0,0,0,20,0.0,jam_only
2,409,-2.22,20,0,1,0,0,4,0,0,0,0,20,0.0,jam_only
2,410,-3.83,20,0,3,0,0,4,0,0,0,0,20,0.0,jam_only
2,411,-3.5,20,0,3,0,0,3,0,0,0,0,20,0.0,jam_only
2,412,-1.6,20,0,3,0,0,0,0,0,0,0,20,0.0,jam_only
2,413,-3.99,20,0,4,0,0,2,0,0,0,0,20,0.0,jam_only
2,414,-3.41,20,0,3,0,0,2,0,0,0,0,20,0.0,jam_only
2,415,-11.06,20,0,9,0,0,6,0,0,0,0,20,0.0,jam_only
2,416,-3.29,20,0,3,0,0,4,0,0,0,0,20,0.0,jam_only
2,417,-4.65,20,0,5,0,0,2,0,0,0,0,20,0.0,jam_only
2,418,-4.96,20,0,4,0,0,5,0,0,0,0,20,0.0,jam_only
2,419,-6.27,20,0,6,0,0,4,0,0,0,0,20,0.0,jam_only
2,420,-6.19,20,0,6,0,0,2,0,0,0,0,20,0.0,jam_only
2,421,-2.64,20,0,3,0,0,2,0,0,0,0,20,0.0,jam_only
2,422,-4.35,20,0,2,0,0,7,0,0,0,0,20,0.0,jam_only
2,423,-1.39,20,0,1,0,0,2,0,0,0,0,20,0.0,jam_only
2,424,-4.21,20,0,4,0,0,2,0,0,0,0,20,0.0,jam_only
2,425,-2.15,20,0,2,0,0,3,0,0,0,0,20,0.0,jam_only
2,426,-2.82,20,0,3,0,0,2,0,0,0,0,20,0.0,jam_only
2,427,-5.98,20,0,5,0,0,5,0,0,0,0,20,0.0,jam_only
2,428,-4.7,20,0,4,0,0,3,0,0,0,0,20,0.0,jam_only
2,429,-2.34,20,0,1,0,0,5,0,0,0,0,20,0.0,jam_only
2,430,-5.85,20,0,5,0,0,4,0,0,0,0,20,0.0,jam_only
2,431,-2.34,20,0,2,0,0,3,0,0,0,0,20,0.0,jam_only
2,432,-3.33,20,0,2,0,0,5,0,0,0,0,20,0.0,jam_only
2,433,-10.38,20,0,7,0,0,9,0,0,0,0,20,0.0,jam_only
2,434,-2.13,20,0,1,0,0,5,0,0,0,0,20,0.0,jam_only
2,435,0.04,20,0,0,0,0,3,0,0,0,0,20,0.0,jam_only
2,436,-2.03,20,0,1,0,0,4,0,0,0,0,20,0.0,jam_only
2,437,-1.83,20,0,1,0,0,4,0,0,0,0,20,0.0,jam_only
2,438,-0.19,20,0,0,0,0,2,0,0,0,0,20,0.0,jam_only
2,439,-1.94,20,0,2,0,0,3,0,0,0,0,20,0.0,jam_only
2,440,1.0,20,0,0,0,0,0,0,0,0,0,20,0.0,jam_only
2,441,-2.66,20,0,1,0,0,6,0,0,0,0,20,0.0,jam_only
2,442,-0.63,20,0,0,0,0,4,0,0,0,0,20,0.0,jam_only
2,443,-2.9,20,0,3,0,0,1,0,0,0,0,20,0.0,jam_only
2,444,-1.3,20,0,0,0,0,6,0,0,0,0,20,0.0,jam_only
2,445,0.49,20,0,0,0,0,1,0,0,0,0,20,0.0,jam_only
2,446,-4.51,20,0,4,0,0,3,0,0,0,0,20,0.0,jam_only
2,447,-1.21,20,0,1,0,0,2,0,0,0,0,20,0.0,jam_only
2,448,-4.21,20,0,4,0,0,2,0,0,0,0,20,0.0,jam_only
2,449,-2.44,20,0,2,0,0,4,0,0,0,0,20,0.0,jam_only
2,450,-3.46,20,0,3,0,0,4,0,0,0,0,20,0.0,jam_only
2,451,-0.95,20,0,0,0,0,5,0,0,0,0,20,0.0,jam_only
2,452,-5.28,20,0,5,0,0,4,0,0,0,0,20,0.0,jam_only
2,453,-5.54,20,0,4,0,0,5,0,0,0,0,20,0.0,jam_only
2,454,-6.98,20,0,6,0,0,5,0,0,0,0,20,0.0,jam_only
2,455,-5.49,20,0,5,0,0,3,0,0,0,0,20,0.0,jam_only
2,456,-2.65,20,0,3,1,0,2,0,0,0,0,20,0.0,jam_only
2,457,-4.48,20,0,3,1,0,6,0,0,0,0,20,0.0,jam_only
2,458,-7.74,20,0,6,0,0,5,0,0,0,0,20,0.0,jam_only
2,459,-4.04,20,0,3,1,0,4,0,0,0,0,20,0.0,jam_only
2,460,-2.48,20,0,2,0,0,4,0,0,0,0,20,0.0,jam_only
2,461,-0.98,20,0,1,0,0,2,0,0,0,0,20,0.0,jam_only
2,462,-0.32,20,0,0,0,0,3,0,0,0,0,20,0.0,jam_only
2,463,-5.9,20,0,4,1,0,5,0,0,0,0,20,0.0,jam_only
2,464,-2.51,20,0,3,1,0,1,0,0,0,0,20,0.0,jam_only
2,465,-4.92,20,0,4,2,0,3,0,0,0,0,20,0.0,jam_only
2,466,-3.42,20,0,2,2,0,4,0,0,0,0,20,0.0,jam_only
2,467,-4.74,20,0,3,2,0,5,0,0,0,0,20,0.0,jam_only
2,468,-1.62,20,0,0,4,0,4,0,0,0,0,20,0.0,jam_only
2,469,-5.51,20,0,4,5,0,3,0,0,0,0,20,0.0,jam_only
2,470,-6.49,20,0,5,4,0,3,0,0,0,0,20,0.0,jam_only
2,471,-1.64,20,0,0,4,0,4,0,0,0,0,20,0.0,jam_only
2,472,-2.15,20,0,2,1,0,3,0,0,0,0,20,0.0,jam_only
2,473,-2.32,20,0,2,0,0,3,0,0,0,0,20,0.0,jam_only
2,474,-0.73,20,0,0,3,0,3,0,0,0,0,20,0.0,jam_only
2,475,-4.19,20,0,2,10,0,2,0,0,0,0,20,0.0,jam_only
2,476,-1.78,20,0,1,4,0,2,0,0,0,0,20,0.0,jam_only
2,477,-1.63,20,0,0,4,0,4,0,0,0,0,20,0.0,jam_only
2,478,-4.25,20,0,2,3,0,6,0,0,0,0,20,0.0,jam_only
2,479,-1.65,20,0,2,1,0,2,0,0,0,0,20,0.0,jam_only
2,480,-0.04,20,0,0,3,0,2,0,0,0,0,20,0.0,jam_only
2,481,-1.64,20,0,0,4,0,4,0,0,0,0,20,0.0,jam_only
2,482,-3.54,20,0,1,5,0,5,0,0,0,0,20,0.0,jam_only
2,483,-5.31,20,0,4,9,0,1,0,0,0,0,20,0.0,jam_only
2,484,-3.56,20,0,2,7,0,3,0,0,0,0,20,0.0,jam_only
2,485,-4.53,20,0,3,8,0,3,0,0,0,0,20,0.0,jam_only
2,486,-8.21,20,0,6,6,0,4,0,0,0,0,20,0.0,jam_only
2,487,-3.94,20,0,1,8,0,5,0,0,0,0,20,0.0,jam_only
2,488,-7.93,20,0,5,7,0,5,0,0,0,0,20,0.0,jam_only
2,489,-6.73,20,0,5,6,0,3,0,0,0,0,20,0.0,jam_only
2,490,-8.41,20,0,7,8,0,2,0,0,0,0,20,0.0,jam_only
2,491,-6.49,20,0,4,8,0,3,0,0,0,0,20,0.0,jam_only
2,492,-5.0,20,0,4,6,0,2,0,0,0,0,20,0.0,jam_only
2,493,-6.96,20,0,4,9,0,5,0,0,0,0,20,0.0,jam_only
2,494,-7.41,20,0,5,7,0,4,0,0,0,0,20,0.0,jam_only
2,495,-8.63,20,0,6,9,0,4,0,0,0,0,20,0.0,jam_only
2,496,-6.54,20,0,4,6,0,5,0,0,0,0,20,0.0,jam_only
2,497,-2.5,20,0,1,10,0,1,0,0,0,0,20,0.0,jam_only
2,498,-2.14,20,0,0,10,0,3,0,0,0,0,20,0.0,jam_only
2,499,-4.6,20,0,3,9,0,2,0,0,0,0,20,0.0,jam_only
2,500,-3.42,20,0,3,9,0,0,0,0,0,0,20,0.0,jam_only
2,501,-6.25,20,0,5,8,0,2,0,0,0,0,20,0.0,jam_only
2,502,-7.61,20,0,5,12,0,2,0,0,0,0,20,0.0,jam_only
2,503,-2.18,20,0,0,10,0,2,0,0,0,0,20,0.0,jam_only
2,504,-5.77,20,0,2,9,0,7,0,0,0,0,20,0.0,jam_only
2,505,-7.8,20,0,5,15,0,2,0,0,0,0,20,0.0,jam_only
2,506,-2.98,20,0,1,9,0,2,0,0,0,0,20,0.0,jam_only
2,507,-2.8,20,0,0,15,0,2,0,0,0,0,20,0.0,jam_only
2,508,-2.95,20,0,0,15,0,3,0,0,0,0,20,0.0,jam_only
2,509,-4.2,20,0,2,12,0,2,0,0,0,0,20,0.0,jam_only
2,510,-3.84,20,0,1,11,0,4,0,0,0,0,20,0.0,jam_only
2,511,-4.21,20,0,2,13,0,2,0,0,0,0,20,0.0,jam_only
2,512,-7.68,20,0,2,14,0,8,0,0,0,0,20,0.0,jam_only
3,1,-1.25,20,3,4,0,0,0,0,20,0,0,0,12.9108,jam_only
3,2,-0.95,20,16,4,0,0,0,0,0,0,9,11,14.3752,jam_only
3,3,-7.15,20,6,6,0,0,0,0,0,0,9,11,17.4152,jam_only
3,4,-0.64,20,11,2,0,0,2,0,0,0,7,13,13.4472,jam_only
3,5,-0.16,20,9,0,0,0,2,0,0,0,5,15,104.7085,jam_only
3,6,-1.11,20,10,2,0,0,1,0,0,0,3,17,16.0555,jam_only
3,7,-1.95,20,9,2,0,0,1,0,0,0,3,17,28.3805,jam_only
3,8,-0.81,20,9,1,0,0,2,0,0,0,1,19,15.2367,jam_only
3,9,-5.7,20,7,3,0,0,7,0,0,0,1,19,29.45,jam_only
3,10,0.39,20,11,2,0,0,0,0,0,0,0,20,262.3975,jam_only
3,11,1.37,20,17,0,0,0,3,0,0,0,0,20,15.2032,jam_only
3,12,-5.71,20,5,2,0,0,3,0,0,0,0,20,16.7221,jam_only
3,13,-1.38,20,10,2,0,0,4,0,0,0,0,20,17.7631,jam_only
3,14,-4.11,20,7,2,0,0,5,0,0,0,0,20,266.6268,jam_only
3,15,0.08,20,6,0,0,0,1,0,0,0,0,20,15.0813,jam_only
3,16,-1.27,20,13,2,0,0,4,0,0,0,0,20,15.4895,jam_only
3,17,-5.66,20,7,3,0,0,5,0,0,0,0,20,14.0428,jam_only
3,18,-0.12,20,6,0,0,0,1,0,0,0,0,20,21.5171,jam_only
3,19,-1.9,20,9,2,0,0,4,0,0,0,0,20,16.3737,jam_only
3,20,-1.11,20,7,1,0,0,2,0,0,0,0,20,14.9145,jam_only
3,21,-1.4,20,6,1,0,0,3,0,0,0,0,20,16.2709,jam_only
3,22,-2.34,20,3,1,0,0,2,0,0,0,0,20,16.7177,jam_only
3,23,-0.03,20,13,2,0,0,3,0,0,0,0,20,317.1929,jam_only
3,24,-3.16,20,5,0,0,0,5,0,0,0,0,20,227.0438,jam_only
3,25,-3.4,20,6,3,0,0,4,0,0,0,0,20,119.052,jam_only
3,26,-3.57,20,11,4,0,0,4,0,0,0,0,20,15.765,jam_only
3,27,-0.86,20,6,1,0,0,0,0,0,0,0,20,370.2461,jam_only
3,28,-3.12,20,6,3,0,0,3,0,0,0,0,20,218.442,jam_only
3,29,-1.32,20,4,0,0,0,4,0,0,0,0,20,13.8425,jam_only
3,30,1.42,20,13,1,0,0,2,0,0,0,0,20,13.2518,jam_only
3,31,-2.09,20,8,0,0,0,4,0,0,0,0,20,173.2344,jam_only
3,32,-0.82,20,6,0,0,0,3,0,0,0,0,20,15.765,jam_only
3,33,-0.46,20,8,0,0,0,5,0,0,0,0,20,16.1725,jam_only
3,34,-3.14,20,4,1,0,0,5,0,0,0,0,20,328.9454,jam_only
3,35,-1.64,20,3,1,0,0,3,0,0,0,0,20,164.4727,jam_only
3,36,-3.32,20,2,3,0,0,1,0,0,0,0,20,18.6468,jam_only
3,37,-1.59,20,5,3,0,0,1,0,0,0,0,20,246.5604,jam_only
3,38,-2.72,20,4,0,0,0,8,0,0,0,0,20,11.5843,jam_only
3,39,-1.16,20,4,1,0,0,3,0,0,0,0,20,20.5591,jam_only
3,40,-3.5,20,4,2,0,0,6,0,0,0,0,20,246.5604,jam_only
3,41,-1.94,20,3,1,0,0,3,0,0,0,0,20,12.1038,jam_only
3,42,-1.21,20,4,2,0,0,2,0,0,0,0,20,13.7337,jam_only
3,43,-1.19,20,2,0,0,0,3,0,0,0,0,20,14.0664,jam_only
3,44,-1.32,20,4,2,0,0,2,0,0,0,0,20,21.5171,jam_only
3,45,-2.76,20,2,2,0,0,4,0,0,0,0,20,4.9251,jam_only
3,46,-5.61,20,5,4,0,0,7,0,0,0,0,20,112.4819,jam_only
3,47,-2.58,20,2,1,0,0,4,0,0,0,0,20,4.3718,jam_only
3,48,-1.13,20,2,1,0,0,3,0,0,0,0,20,28.5554,jam_only
3,49,-3.85,20,4,4,0,0,3,0,0,0,0,20,16.3998,jam_only
3,50,-0.43,20,5,1,0,0,1,0,0,0,0,20,105.5017,jam_only
3,51,-1.63,20,3,1,0,0,3,0,0,0,0,20,16.9613,jam_only
3,52,-1.69,20,3,2,0,0,1,0,0,0,0,20,14.2478,jam_only
3,53,-4.13,20,3,4,0,0,3,0,0,0,0,20,241.9946,jam_only
3,54,-1.39,20,3,1,0,0,2,0,0,0,0,20,13.7344,jam_only
3,55,-2.27,20,0,0,0,0,5,0,0,0,0,20,0.0,jam_only
3,56,-0.89,20,3,1,0,0,4,0,0,0,0,20,5.8588,jam_only
3,57,-1.51,20,1,1,0,0,2,0,0,0,0,20,14.1068,jam_only
3,58,-1.9,20,4,2,0,0,4,0,0,0,0,20,14.1159,jam_only
3,59,-5.9,20,0,4,0,0,3,0,0,0,0,20,0.0,jam_only
3,60,-4.04,20,0,2,0,0,6,0,0,0,0,20,0.0,jam_only
3,61,-2.0,20,1,2,0,0,1,0,0,0,0,20,15.5842,jam_only
3,62,-1.64,20,1,1,0,0,4,0,0,0,0,20,13.5126,jam_only
3,63,0.18,20,3,0,0,0,3,0,0,0,0,20,20.3493,jam_only
3,64,-2.27,20,2,2,0,0,2,0,0,0,0,20,14.8794,jam_only
3,65,-2.02,20,4,2,0,0,3,0,0,0,0,20,21.1717,jam_only
3,66,-3.96,20,2,2,0,0,6,0,0,0,0,20,13.935,jam_only
3,67,-3.52,20,1,3,0,0,4,0,0,0,0,20,13.4102,jam_only
3,68,-6.69,20,1,6,0,0,3,0,0,0,0,20,395.0945,jam_only
3,69,-5.33,20,3,6,0,0,2,0,0,0,0,20,14.5118,jam_only
3,70,-7.4,20,2,6,0,0,5,0,0,0,0,20,8.3106,jam_only
3,71,-7.5,20,1,7,0,0,4,0,0,0,0,20,22.734,jam_only
3,72,-4.99,20,1,5,0,0,2,0,0,0,0,20,13.935,jam_only
3,73,-10.31,20,0,7,0,0,8,0,0,0,0,20,0.0,jam_only
3,74,-6.66,20,2,6,0,0,5,0,0,0,0,20,13.5589,jam_only
3,75,-3.24,20,4,2,0,0,5,0,0,0,0,20,5.0906,jam_only
3,76,-8.23,20,1,9,0,0,0,0,0,0,0,20,13.5589,jam_only
3,77,-4.33,20,1,3,0,0,5,0,0,0,0,20,19.6935,jam_only
3,78,-1.14,20,2,1,0,0,2,0,0,0,0,20,13.6423,jam_only
3,79,-2.87,20,1,3,0,0,2,0,0,0,0,20,109.1387,jam_only
3,80,-1.38,20,2,2,0,0,2,0,0,0,0,20,91.1769,jam_only
3,81,-1.01,20,2,0,0,0,4,0,0,0,0,20,14.3698,jam_only
3,82,-4.26,20,1,1,0,0,9,0,0,0,0,20,13.5589,jam_only
3,83,-2.45,20,1,2,0,0,4,0,0,0,0,20,249.3012,jam_only
3,84,-4.17,20,1,4,0,0,3,0,0,0,0,20,20.5705,jam_only
3,85,-3.37,20,1,2,0,0,5,0,0,0,0,20,17.4025,jam_only
3,86,-4.53,20,1,4,0,0,3,0,0,0,0,20,210.0074,jam_only
3,87,-1.97,20,2,1,0,0,4,0,0,0,0,20,14.7346,jam_only
3,88,-2.57,20,3,3,0,0,2,0,0,0,0,20,15.3827,jam_only
3,89,-3.63,20,0,3,0,0,1,0,0,0,0,20,0.0,jam_only
3,90,-0.85,20,2,1,0,0,3,0,0,0,0,20,15.3827,jam_only
3,91,-0.64,20,1,0,0,0,2,0,0,0,0,20,20.007,jam_only
3,92,-1.1,20,0,0,0,0,4,0,0,0,0,20,0.0,jam_only
3,93,-2.36,20,1,3,0,0,2,0,0,0,0,20,222.1257,jam_only
3,94,-1.51,20,1,2,0,0,1,0,0,0,0,20,13.9858,jam_only
3,95,-2.06,20,0,2,0,0,2,0,0,0,0,20,0.0,jam_only
3,96,-3.39,20,0,3,0,0,2,0,0,0,0,20,0.0,jam_only
3,97,-0.24,20,1,0,0,0,4,0,0,0,0,20,13.9858,jam_only
3,98,-3.6,20,0,2,0,0,5,0,0,0,0,20,0.0,jam_only
3,99,-1.37,20,2,2,0,0,1,0,0,0,0,20,13.4836,jam_only
3,100,-0.13,20,2,0,0,0,3,0,0,0,0,20,14.9192,jam_only
3,101,-3.52,20,1,2,0,0,6,0,0,0,0,20,14.9192,jam_only
3,102,-2.09,20,0,1,0,0,4,0,0,0,0,20,0.0,jam_only
3,103,-0.15,20,0,0,0,0,3,0,0,0,0,20,0.0,jam_only
3,104,-0.63,20,3,1,0,0,2,0,0,0,0,20,24.4303,jam_only
3,105,-3.61,20,0,2,0,0,4,0,0,0,0,20,0.0,jam_only
3,106,-3.14,20,0,3,0,0,3,0,0,0,0,20,0.0,jam_only
3,107,-3.45,20,1,2,0,0,5,0,0,0,0,20,13.9144,jam_only
3,108,-2.51,20,1,1,0,0,6,0,0,0,0,20,15.5797,jam_only
3,109,-0.05,20,2,1,0,0,1,0,0,0,0,20,14.0602,jam_only
3,110,-2.09,20,1,1,0,0,4,0,0,0,0,20,16.0374,jam_only
3,111,-1.11,20,1,2,0,0,1,0,0,0,0,20,14.4734,jam_only
3,112,-1.75,20,2,2,0,0,2,0,0,0,0,20,14.4734,jam_only
3,113,-4.21,20,0,3,0,0,3,0,0,0,0,20,0.0,jam_only
3,114,-6.35,20,1,5,0,0,4,0,0,0,0,20,231.5747,jam_only
3,115,-5.6,20,0,5,0,0,3,0,0,0,0,20,0.0,jam_only
3,116,-6.2,20,2,4,0,0,8,0,0,0,0,20,18.2573,jam_only
3,117,-2.2,20,0,1,0,0,3,0,0,0,0,20,0.0,jam_only
3,118,-3.83,20,0,3,0,0,4,0,0,0,0,20,0.0,jam_only
3,119,-7.45,20,1,7,0,0,3,0,0,0,0,20,14.0091,jam_only
3,120,-9.92,20,0,8,0,0,6,0,0,0,0,20,0.0,jam_only
3,121,-3.3,20,0,3,0,0,3,0,0,0,0,20,0.0,jam_only
3,122,-2.92,20,0,4,0,0,1,0,0,0,0,20,0.0,jam_only
3,123,-4.15,20,0,3,0,0,5,0,0,0,0,20,0.0,jam_only
3,124,-6.09,20,1,5,0,0,5,0,0,0,0,20,265.2646,jam_only
3,125,-4.16,20,0,4,0,0,1,0,0,0,0,20,0.0,jam_only
3,126,-7.2,20,1,6,0,0,6,0,0,0,0,20,265.2646,jam_only
3,127,-6.74,20,0,6,0,0,3,0,0,0,0,20,0.0,jam_only
3,128,-5.36,20,0,5,0,0,3,0,0,0,0,20,0.0,jam_only
3,129,-3.86,20,0,3,0,0,4,0,0,0,0,20,0.0,jam_only
3,130,-2.08,20,1,1,0,0,5,0,0,0,0,20,14.495,jam_only
3,131,-3.08,20,2,3,0,0,3,0,0,0,0,20,5.9405,jam_only
3,132,-3.45,20,0,3,0,0,3,0,0,0,0,20,0.0,jam_only
3,133,-3.65,20,0,4,0,0,2,0,0,0,0,20,0.0,jam_only
3,134,0.36,20,0,0,0,0,2,0,0,0,0,20,0.0,jam_only
3,135,-5.36,20,0,4,0,0,5,0,0,0,0,20,0.0,jam_only
3,136,-2.6,20,0,3,0,0,2,0,0,0,0,20,0.0,jam_only
3,137,-2.52,20,1,3,0,0,3,0,0,0,0,20,16.579,jam_only
3,138,-1.56,20,1,2,0,0,0,0,0,0,0,20,15.9543,jam_only
3,139,-2.39,20,0,2,0,0,3,0,0,0,0,20,0.0,jam_only
3,140,0.7,20,0,0,0,0,1,0,0,0,0,20,0.0,jam_only
3,141,-1.81,20,0,2,0,0,2,0,0,0,0,20,0.0,jam_only
3,142,-4.94,20,1,4,0,0,4,0,0,0,0,20,111.756,jam_only
3,143,-6.23,20,0,4,0,0,7,0,0,0,0,20,0.0,jam_only
3,144,-4.33,20,0,4,0,0,3,0,0,0,0,20,0.0,jam_only
3,145,-1.57,20,1,0,0,0,7,0,0,0,0,20,109.221,jam_only
3,146,-6.11,20,0,6,0,0,1,0,0,0,0,20,0.0,jam_only
3,147,-2.14,20,0,3,0,0,1,0,0,0,0,20,0.0,jam_only
3,148,-5.98,20,0,5,0,0,5,0,0,0,0,20,0.0,jam_only
3,149,-4.55,20,1,5,0,0,2,0,0,0,0,20,315.9087,jam_only
3,150,-1.75,20,0,1,0,0,3,0,0,0,0,20,0.0,jam_only
3,151,-5.87,20,0,4,0,0,6,0,0,0,0,20,0.0,jam_only
3,152,-4.29,20,1,4,0,0,3,0,0,0,0,20,15.9685,jam_only
3,153,-3.33,20,1,3,0,0,3,0,0,0,0,20,121.7039,jam_only
3,154,-0.41,20,1,1,0,0,2,0,0,0,0,20,128.4439,jam_only
3,155,-1.14,20,1,1,0,0,3,0,0,0,0,20,21.127,jam_only
3,156,-3.71,20,0,3,0,0,4,0,0,0,0,20,0.0,jam_only
3,157,-3.11,20,0,2,0,0,3,0,0,0,0,20,0.0,jam_only
3,158,0.74,20,0,1,0,0,0,0,0,0,0,20,0.0,jam_only
3,159,-4.53,20,0,4,0,0,3,0,0,0,0,20,0.0,jam_only
3,160,-4.15,20,0,4,0,0,3,0,0,0,0,20,0.0,jam_only
3,161,-0.83,20,0,2,0,0,0,0,0,0,0,20,0.0,jam_only
3,162,0.52,20,0,0,0,0,1,0,0,0,0,20,0.0,jam_only
3,163,-2.23,20,0,1,0,0,4,0,0,0,0,20,0.0,jam_only
3,164,-1.93,20,0,2,0,0,3,0,0,0,0,20,0.0,jam_only
3,165,-2.37,20,0,0,0,0,7,0,0,0,0,20,0.0,jam_only
3,166,-2.03,20,0,1,0,0,4,0,0,0,0,20,0.0,jam_only
3,167,-3.47,20,0,2,0,0,6,0,0,0,0,20,0.0,jam_only
3,168,-0.63,20,0,1,0,0,2,0,0,0,0,20,0.0,jam_only
3,169,-0.48,20,0,1,0,0,1,0,0,0,0,20,0.0,jam_only
3,170,-0.15,20,0,0,0,0,3,0,0,0,0,20,0.0,jam_only
3,171,-1.5,20,0,1,0,0,3,0,0,0,0,20,0.0,jam_only
3,172,-3.51,20,0,3,0,0,3,0,0,0,0,20,0.0,jam_only
3,173,-1.82,20,0,1,0,0,4,0,0,0,0,20,0.0,jam_only
3,174,-2.54,20,0,3,0,0,1,0,0,0,0,20,0.0,jam_only
3,175,-6.85,20,0,6,0,0,4,0,0,0,0,20,0.0,jam_only
3,176,-2.5,20,0,2,0,0,3,0,0,0,0,20,0.0,jam_only
3,177,-3.95,20,0,3,0,0,5,0,0,0,0,20,0.0,jam_only
3,178,-0.64,20,0,1,0,0,2,0,0,0,0,20,0.0,jam_only
3,179,0.39,20,0,0,0,0,2,0,0,0,0,20,0.0,jam_only
3,180,-4.32,20,0,4,0,0,3,0,0,0,0,20,0.0,jam_only
3,181,-2.31,20,0,1,0,0,6,0,0,0,0,20,0.0,jam_only
3,182,-1.68,20,0,2,0,0,1,0,0,0,0,20,0.0,jam_only
3,183,-0.75,20,1,1,0,0,2,0,0,0,0,20,21.6543,jam_only
3,184,-1.25,20,0,1,0,0,2,0,0,0,0,20,0.0,jam_only
3,185,-0.25,20,0,0,0,0,4,0,0,0,0,20,0.0,jam_only
3,186,-3.04,20,0,2,0,0,4,0,0,0,0,20,0.0,jam_only
3,187,-4.01,20,0,3,0,0,4,0,0,0,0,20,0.0,jam_only
3,188,-0.93,20,0,2,0,0,1,0,0,0,0,20,0.0,jam_only
3,189,-1.86,20,0,1,0,0,4,0,0,0,0,20,0.0,jam_only
3,190,-1.82,20,0,2,0,0,2,0,0,0,0,20,0.0,jam_only
3,191,-3.2,20,0,3,0,0,2,0,0,0,0,20,0.0,jam_only
3,192,-0.99,20,0,1,0,0,2,0,0,0,0,20,0.0,jam_only
3,193,-2.3,20,0,3,0,0,1,0,0,0,0,20,0.0,jam_only
3,194,-2.44,20,2,4,0,0,1,0,0,0,0,20,15.213,jam_only
3,195,-5.92,20,0,3,0,0,6,0,0,0,0,20,0.0,jam_only
3,196,-2.14,20,0,1,0,0,5,0,0,0,0,20,0.0,jam_only
3,197,-6.3,20,0,4,0,0,8,0,0,0,0,20,0.0,jam_only
3,198,0.01,20,0,1,0,0,0,0,0,0,0,20,0.0,jam_only
3,199,-2.12,20,0,3,0,0,1,0,0,0,0,20,0.0,jam_only
3,200,-1.01,20,0,1,0,0,2,0,0,0,0,20,0.0,jam_only
3,201,-1.66,20,0,1,0,0,4,0,0,0,0,20,0.0,jam_only
3,202,-1.0,20,0,0,0,0,5,0,0,0,0,20,0.0,jam_only
3,203,-4.01,20,0,4,0,0,2,0,0,0,0,20,0.0,jam_only
3,204,-1.57,20,0,1,0,0,2,0,0,0,0,20,0.0,jam_only
3,205,-5.5,20,0,3,0,0,8,0,0,0,0,20,0.0,jam_only
3,206,-5.2,20,0,5,0,0,2,0,0,0,0,20,0.0,jam_only
3,207,-3.71,20,0,2,0,0,5,0,0,0,0,20,0.0,jam_only
3,208,-7.34,20,0,7,0,0,3,0,0,0,0,20,0.0,jam_only
3,209,-2.69,20,0,3,0,0,1,0,0,0,0,20,0.0,jam_only
3,210,-5.68,20,0,4,0,0,6,0,0,0,0,20,0.0,jam_only
3,211,-0.11,20,1,1,0,0,0,0,0,0,0,20,14.5118,jam_only
3,212,-6.58,20,0,6,0,0,3,0,0,0,0,20,0.0,jam_only
3,213,-0.43,20,0,1,0,0,2,0,0,0,0,20,0.0,jam_only
3,214,-3.12,20,0,3,0,0,3,0,0,0,0,20,0.0,jam_only
3,215,-3.6,20,0,4,0,0,2,0,0,0,0,20,0.0,jam_only
3,216,-6.08,20,0,5,0,0,3,0,0,0,0,20,0.0,jam_only
3,217,-6.86,20,0,6,0,0,4,0,0,0,0,20,0.0,jam_only
3,218,-5.33,20,0,4,0,0,5,0,0,0,0,20,0.0,jam_only
3,219,-3.22,20,0,3,0,0,2,0,0,0,0,20,0.0,jam_only
3,220,-0.67,20,0,1,0,0,1,0,0,0,0,20,0.0,jam_only
3,221,-0.63,20,0,1,0,0,2,0,0,0,0,20,0.0,jam_only
3,222,-3.14,20,0,3,0,0,3,0,0,0,0,20,0.0,jam_only
3,223,-7.36,20,0,6,0,0,5,0,0,0,0,20,0.0,jam_only
3,224,-3.53,20,0,3,0,0,3,0,0,0,0,20,0.0,jam_only
3,225,-3.42,20,0,4,0,0,2,0,0,0,0,20,0.0,jam_only
3,226,-1.46,20,0,2,0,0,2,0,0,0,0,20,0.0,jam_only
3,227,-1.05,20,0,1,0,0,1,0,0,0,0,20,0.0,jam_only
3,228,-4.75,20,0,5,0,0,3,0,0,0,0,20,0.0,jam_only
3,229,-4.34,20,0,4,0,0,3,0,0,0,0,20,0.0,jam_only
3,230,-1.64,20,0,2,0,0,2,0,0,0,0,20,0.0,jam_only
3,231,-3.47,20,0,3,0,0,4,0,0,0,0,20,0.0,jam_only
3,232,-3.45,20,0,3,0,0,4,0,0,0,0,20,0.0,jam_only
3,233,-2.86,20,0,1,0,0,6,0,0,0,0,20,0.0,jam_only
3,234,-0.37,20,0,0,0,0,3,0,0,0,0,20,0.0,jam_only
3,235,-0.64,20,0,0,0,0,4,0,0,0,0,20,0.0,jam_only
3,236,-0.66,20,0,0,0,0,4,0,0,0,0,20,0.0,jam_only
3,237,-7.93,20,1,5,0,0,9,0,0,0,0,20,20.3467,jam_only
3,238,-2.12,20,0,1,0,0,3,0,0,0,0,20,0.0,jam_only
3,239,-3.32,20,0,2,0,0,5,0,0,0,0,20,0.0,jam_only
3,240,-3.87,20,0,4,0,0,1,0,0,0,0,20,0.0,jam_only
3,241,-0.84,20,0,0,0,0,4,0,0,0,0,20,0.0,jam_only
3,242,-2.96,20,0,3,0,0,3,0,0,0,0,20,0.0,jam_only
3,243,-0.82,20,0,0,0,0,4,0,0,0,0,20,0.0,jam_only
3,244,-5.65,20,0,5,0,0,4,0,0,0,0,20,0.0,jam_only
3,245,-4.32,20,0,5,0,0,1,0,0,0,0,20,0.0,jam_only
3,246,-0.19,20,0,1,0,0,0,0,0,0,0,20,0.0,jam_only
3,247,-4.16,20,0,4,0,0,3,0,0,0,0,20,0.0,jam_only
3,248,-2.47,20,0,2,0,0,4,0,0,0,0,20,0.0,jam_only
3,249,-4.85,20,0,4,0,0,4,0,0,0,0,20,0.0,jam_only
3,250,-1.13,20,0,1,0,0,3,0,0,0,0,20,0.0,jam_only
3,251,-2.82,20,0,2,0,0,4,0,0,0,0,20,0.0,jam_only
3,252,-2.01,20,0,2,0,0,2,0,0,0,0,20,0.0,jam_only
3,253,-5.64,20,0,5,0,0,4,0,0,0,0,20,0.0,jam_only
3,254,-1.51,20,0,1,0,0,3,0,0,0,0,20,0.0,jam_only
3,255,-0.83,20,0,0,0,0,4,0,0,0,0,20,0.0,jam_only
3,256,-1.5,20,0,2,0,0,1,0,0,0,0,20,0.0,jam_only
3,257,-0.46,20,0,1,0,0,2,0,0,0,0,20,0.0,jam_only
3,258,-2.65,20,0,1,0,0,6,0,0,0,0,20,0.0,jam_only
3,259,-2.2,20,0,2,0,0,2,0,0,0,0,20,0.0,jam_only
3,260,-6.72,20,0,5,0,0,5,0,0,0,0,20,0.0,jam_only
3,261,-4.69,20,0,4,0,0,3,0,0,0,0,20,0.0,jam_only
3,262,-3.21,20,0,3,0,0,2,0,0,0,0,20,0.0,jam_only
3,263,-5.81,20,0,6,0,0,2,0,0,0,0,20,0.0,jam_only
3,264,-2.82,20,0,2,0,0,4,0,0,0,0,20,0.0,jam_only
3,265,-6.01,20,0,6,0,0,2,0,0,0,0,20,0.0,jam_only
3,266,-4.86,20,0,4,0,0,4,0,0,0,0,20,0.0,jam_only
3,267,-1.99,20,0,2,0,0,2,0,0,0,0,20,0.0,jam_only
3,268,-5.65,20,0,5,0,0,4,0,0,0,0,20,0.0,jam_only
3,269,-2.66,20,0,2,0,0,4,0,0,0,0,20,0.0,jam_only
3,270,-1.63,20,0,1,0,0,4,0,0,0,0,20,0.0,jam_only
3,271,-7.38,20,0,5,0,0,7,0,0,0,0,20,0.0,jam_only
3,272,-0.99,20,0,1,0,0,3,0,0,0,0,20,0.0,jam_only
3,273,-3.34,20,0,3,0,0,3,0,0,0,0,20,0.0,jam_only
3,274,-5.86,20,0,4,0,0,6,0,0,0,0,20,0.0,jam_only
3,275,-3.85,20,0,3,0,0,4,0,0,0,0,20,0.0,jam_only
3,276,-3.73,20,0,2,0,0,5,0,0,0,0,20,0.0,jam_only
3,277,-5.84,20,0,4,0,0,6,0,0,0,0,20,0.0,jam_only
3,278,-8.13,20,0,8,0,0,3,0,0,0,0,20,0.0,jam_only
3,279,-5.26,20,0,4,0,0,3,0,0,0,0,20,0.0,jam_only
3,280,-3.13,20,0,4,0,0,1,0,0,0,0,20,0.0,jam_only
3,281,-3.94,20,0,3,0,0,5,0,0,0,0,20,0.0,jam_only
3,282,-5.62,20,0,5,0,0,4,0,0,0,0,20,0.0,jam_only
3,283,-4.83,20,0,4,0,0,4,0,0,0,0,20,0.0,jam_only
3,284,-5.2,20,0,4,0,0,4,0,0,0,0,20,0.0,jam_only
3,285,-4.68,20,0,1,0,0,10,0,0,0,0,20,0.0,jam_only
3,286,-3.47,20,0,4,0,0,1,0,0,0,0,20,0.0,jam_only
3,287,-8.02,20,0,7,0,0,4,0,0,0,0,20,0.0,jam_only
3,288,-1.65,20,0,1,0,0,4,0,0,0,0,20,0.0,jam_only
3,289,-3.86,20,0,1,0,0,8,0,0,0,0,20,0.0,jam_only
3,290,-3.53,20,0,3,0,0,3,0,0,0,0,20,0.0,jam_only
3,291,-4.16,20,0,3,0,0,5,0,0,0,0,20,0.0,jam_only
3,292,-0.27,20,0,1,0,0,2,0,0,0,0,20,0.0,jam_only
3,293,-5.15,20,0,4,0,0,5,0,0,0,0,20,0.0,jam_only
3,294,-1.7,20,0,1,0,0,3,0,0,0,0,20,0.0,jam_only
3,295,-2.19,20,0,2,0,0,2,0,0,0,0,20,0.0,jam_only
3,296,-2.81,20,0,3,0,0,2,0,0,0,0,20,0.0,jam_only
3,297,-2.41,20,0,1,0,0,4,0,0,0,0,20,0.0,jam_only
3,298,-4.02,20,0,3,0,0,4,0,0,0,0,20,0.0,jam_only
3,299,-2.64,20,0,3,0,0,2,0,0,0,0,20,0.0,jam_only
3,300,-1.76,20,0,2,0,0,3,0,0,0,0,20,0.0,jam_only
3,301,-2.51,20,0,2,0,0,3,0,0,0,0,20,0.0,jam_only
3,302,-1.66,20,0,1,0,0,4,0,0,0,0,20,0.0,jam_only
3,303,-0.11,20,0,1,0,0,1,0,0,0,0,20,0.0,jam_only
3,304,-0.62,20,0,1,0,0,2,0,0,0,0,20,0.0,jam_only
3,305,-2.65,20,0,1,0,0,6,0,0,0,0,20,0.0,jam_only
3,306,-1.86,20,0,0,0,0,6,0,0,0,0,20,0.0,jam_only
3,307,-3.29,20,0,3,0,0,4,0,0,0,0,20,0.0,jam_only
3,308,-0.28,20,0,1,0,0,2,0,0,0,0,20,0.0,jam_only
3,309,-2.16,20,0,2,0,0,3,0,0,0,0,20,0.0,jam_only
3,310,-1.17,20,0,1,0,0,3,0,0,0,0,20,0.0,jam_only
3,311,-1.47,20,0,1,0,0,4,0,0,0,0,20,0.0,jam_only
3,312,-2.92,20,0,0,0,0,7,0,0,0,0,20,0.0,jam_only
3,313,-0.96,20,0,1,0,0,3,0,0,0,0,20,0.0,jam_only
3,314,-1.81,20,0,1,0,0,4,0,0,0,0,20,0.0,jam_only
3,315,-4.32,20,0,5,0,0,1,0,0,0,0,20,0.0,jam_only
3,316,-2.44,20,0,3,0,0,2,0,0,0,0,20,0.0,jam_only
3,317,-4.62,20,0,5,0,0,2,0,0,0,0,20,0.0,jam_only
3,318,-2.62,20,0,3,0,0,2,0,0,0,0,20,0.0,jam_only
3,319,-2.65,20,0,2,0,0,4,0,0,0,0,20,0.0,jam_only
3,320,-0.64,20,0,1,0,0,2,0,0,0,0,20,0.0,jam_only
3,321,0.03,20,0,0,0,0,3,0,0,0,0,20,0.0,jam_only
3,322,-4.01,20,0,4,0,0,2,0,0,0,0,20,0.0,jam_only
3,323,-5.17,20,0,3,0,0,7,0,0,0,0,20,0.0,jam_only
3,324,-0.99,20,0,2,0,0,0,0,0,0,0,20,0.0,jam_only
3,325,-4.53,20,0,2,0,0,7,0,0,0,0,20,0.0,jam_only
3,326,0.2,20,0,0,0,0,2,0,0,0,0,20,0.0,jam_only
3,327,-0.49,20,0,1,0,0,1,0,0,0,0,20,0.0,jam_only
3,328,-3.03,20,0,2,0,0,4,0,0,0,0,20,0.0,jam_only
3,329,-2.83,20,0,3,0,0,2,0,0,0,0,20,0.0,jam_only
3,330,-3.51,20,0,3,0,0,3,0,0,0,0,20,0.0,jam_only
3,331,-1.2,20,0,1,0,0,2,0,0,0,0,20,0.0,jam_only
3,332,-3.35,20,0,1,0,0,7,0,0,0,0,20,0.0,jam_only
3,333,-2.84,20,0,2,0,0,4,0,0,0,0,20,0.0,jam_only
3,334,-4.51,20,0,4,0,0,3,0,0,0,0,20,0.0,jam_only
3,335,-6.66,20,0,6,0,0,4,0,0,0,0,20,0.0,jam_only
3,336,-7.12,20,0,8,0,0,1,0,0,0,0,20,0.0,jam_only
3,337,-4.33,20,0,4,0,0,3,0,0,0,0,20,0.0,jam_only
3,338,-1.63,20,0,3,0,0,0,0,0,0,0,20,0.0,jam_only
3,339,-6.02,20,0,6,0,0,2,0,0,0,0,20,0.0,jam_only
3,340,-4.01,20,0,4,0,0,2,0,0,0,0,20,0.0,jam_only
3,341,-2.0,20,0,3,0,0,0,0,0,0,0,20,0.0,jam_only
3,342,0.66,20,0,0,0,0,1,0,0,0,0,20,0.0,jam_only
3,343,-2.51,20,0,3,0,0,1,0,0,0,0,20,0.0,jam_only
3,344,-2.26,20,0,2,0,0,4,0,0,0,0,20,0.0,jam_only
3,345,-2.46,20,0,2,0,0,4,0,0,0,0,20,0.0,jam_only
3,346,-2.33,20,0,2,0,0,3,0,0,0,0,20,0.0,jam_only
3,347,-4.67,20,0,3,0,0,6,0,0,0,0,20,0.0,jam_only
3,348,-4.96,20,0,5,0,0,3,0,0,0,0,20,0.0,jam_only
3,349,-4.54,20,0,4,0,0,3,0,0,0,0,20,0.0,jam_only
3,350,-6.2,20,0,5,0,0,4,0,0,0,0,20,0.0,jam_only
3,351,-2.83,20,0,3,0,0,2,0,0,0,0,20,0.0,jam_only
3,352,-2.03,20,0,1,0,0,4,0,0,0,0,20,0.0,jam_only
3,353,-4.31,20,0,4,0,0,3,0,0,0,0,20,0.0,jam_only
3,354,-4.45,20,0,4,0,0,4,0,0,0,0,20,0.0,jam_only
3,355,-3.14,20,0,3,0,0,3,0,0,0,0,20,0.0,jam_only
3,356,-5.84,20,0,4,0,0,6,0,0,0,0,20,0.0,jam_only
3,357,-7.95,20,0,7,0,0,5,0,0,0,0,20,0.0,jam_only
3,358,-8.84,20,0,8,0,0,4,0,0,0,0,20,0.0,jam_only
3,359,-9.65,20,0,8,0,0,6,0,0,0,0,20,0.0,jam_only
3,360,-5.69,20,0,6,0,0,1,0,0,0,0,20,0.0,jam_only
3,361,-5.84,20,0,5,0,0,4,0,0,0,0,20,0.0,jam_only
3,362,-6.84,20,0,6,0,0,4,0,0,0,0,20,0.0,jam_only
3,363,-2.52,20,0,2,0,0,3,0,0,0,0,20,0.0,jam_only
3,364,-4.34,20,0,3,0,0,5,0,0,0,0,20,0.0,jam_only
3,365,-3.0,20,0,3,0,0,2,0,0,0,0,20,0.0,jam_only
3,366,-5.34,20,0,4,0,0,5,0,0,0,0,20,0.0,jam_only
3,367,-1.82,20,0,2,0,0,2,0,0,0,0,20,0.0,jam_only
3,368,-2.62,20,0,3,0,0,2,0,0,0,0,20,0.0,jam_only
3,369,-7.03,20,0,6,0,0,4,0,0,0,0,20,0.0,jam_only
3,370,-3.49,20,0,3,0,0,3,0,0,0,0,20,0.0,jam_only
3,371,-4.99,20,0,5,0,0,2,0,0,0,0,20,0.0,jam_only
3,372,-4.19,20,0,4,0,0,2,0,0,0,0,20,0.0,jam_only
3,373,-5.31,20,0,5,0,0,3,0,0,0,0,20,0.0,jam_only
3,374,-3.83,20,0,3,0,0,4,0,0,0,0,20,0.0,jam_only
3,375,-4.34,20,0,3,0,0,5,0,0,0,0,20,0.0,jam_only
3,376,-2.79,20,0,3,0,0,2,0,0,0,0,20,0.0,jam_only
3,377,-5.31,20,0,3,0,0,8,0,0,0,0,20,0.0,jam_only
3,378,-4.66,20,0,4,0,0,4,0,0,0,0,20,0.0,jam_only
3,379,-2.12,20,0,3,0,0,1,0,0,0,0,20,0.0,jam_only
3,380,-5.56,20,0,3,0,0,7,0,0,0,0,20,0.0,jam_only
3,381,-9.67,20,0,8,0,0,6,0,0,0,0,20,0.0,jam_only
3,382,-4.81,20,0,5,0,0,2,0,0,0,0,20,0.0,jam_only
3,383,-2.84,20,0,2,0,0,4,0,0,0,0,20,0.0,jam_only
3,384,-6.51,20,0,6,0,0,3,0,0,0,0,20,0.0,jam_only
3,385,-3.83,20,0,3,0,0,4,0,0,0,0,20,0.0,jam_only
3,386,-4.65,20,0,5,0,0,2,0,0,0,0,20,0.0,jam_only
3,387,-5.52,20,0,4,0,0,5,0,0,0,0,20,0.0,jam_only
3,388,-2.16,20,0,1,0,0,5,0,0,0,0,20,0.0,jam_only
3,389,-2.11,20,0,3,0,0,1,0,0,0,0,20,0.0,jam_only
3,390,0.37,20,0,0,0,0,2,0,0,0,0,20,0.0,jam_only
3,391,-2.92,20,0,4,0,0,1,0,0,0,0,20,0.0,jam_only
3,392,-3.9,20,0,3,0,0,3,0,0,0,0,20,0.0,jam_only
3,393,-3.62,20,0,4,0,0,2,0,0,0,0,20,0.0,jam_only
3,394,-8.73,20,0,6,0,0,7,0,0,0,0,20,0.0,jam_only
3,395,-2.93,20,0,3,0,0,3,0,0,0,0,20,0.0,jam_only
3,396,-2.13,20,0,2,0,0,3,0,0,0,0,20,0.0,jam_only
3,397,-2.81,20,0,3,0,0,2,0,0,0,0,20,0.0,jam_only
3,398,-0.99,20,0,1,0,0,2,0,0,0,0,20,0.0,jam_only
3,399,-2.18,20,0,2,0,0,2,0,0,0,0,20,0.0,jam_only
3,400,-4.2,20,0,4,0,0,2,0,0,0,0,20,0.0,jam_only
3,401,-1.15,20,0,1,0,0,3,0,0,0,0,20,0.0,jam_only
3,402,-4.73,20,0,2,0,0,7,0,0,0,0,20,0.0,jam_only
3,403,-4.8,20,0,5,0,0,2,0,0,0,0,20,0.0,jam_only
3,404,-1.81,20,0,2,0,0,2,0,0,0,0,20,0.0,jam_only
3,405,-1.54,20,0,1,0,0,3,0,0,0,0,20,0.0,jam_only
3,406,-3.03,20,0,2,0,0,4,0,0,0,0,20,0.0,jam_only
3,407,-3.92,20,0,2,0,0,5,0,0,0,0,20,0.0,jam_only
3,408,-2.01,20,0,2,0,0,2,0,0,0,0,20,0.0,jam_only
3,409,-3.02,20,0,3,0,0,2,0,0,0,0,20,0.0,jam_only
3,410,-2.13,20,0,2,0,0,3,0,0,0,0,20,0.0,jam_only
3,411,-5.71,20,0,4,0,0,5,0,0,0,0,20,0.0,jam_only
3,412,-1.7,20,0,1,0,0,3,0,0,0,0,20,0.0,jam_only
3,413,-2.94,20,0,2,0,0,5,0,0,0,0,20,0.0,jam_only
3,414,-1.84,20,0,1,0,0,4,0,0,0,0,20,0.0,jam_only
3,415,-2.51,20,0,2,0,0,3,0,0,0,0,20,0.0,jam_only
3,416,-4.37,20,0,3,0,0,5,0,0,0,0,20,0.0,jam_only
3,417,-3.5,20,0,3,0,0,3,0,0,0,0,20,0.0,jam_only
3,418,-0.7,20,0,1,0,0,1,0,0,0,0,20,0.0,jam_only
3,419,-3.47,20,0,3,0,0,4,0,0,0,0,20,0.0,jam_only
3,420,-1.44,20,0,2,0,0,2,0,0,0,0,20,0.0,jam_only
3,421,-8.36,20,0,6,0,0,7,0,0,0,0,20,0.0,jam_only
3,422,-1.33,20,0,1,0,0,3,0,0,0,0,20,0.0,jam_only
3,423,-11.2,20,0,9,0,0,7,0,0,0,0,20,0.0,jam_only
3,424,-2.3,20,0,3,0,0,1,0,0,0,0,20,0.0,jam_only
3,425,-6.2,20,0,5,0,0,5,0,0,0,0,20,0.0,jam_only
3,426,-4.46,20,0,4,0,0,4,0,0,0,0,20,0.0,jam_only
3,427,-4.47,20,0,4,0,0,4,0,0,0,0,20,0.0,jam_only
3,428,-5.48,20,0,5,0,0,4,0,0,0,0,20,0.0,jam_only
3,429,-1.73,20,0,3,0,0,1,0,0,0,0,20,0.0,jam_only
3,430,-0.43,20,0,1,0,0,2,0,0,0,0,20,0.0,jam_only
3,431,-0.97,20,0,1,0,0,3,0,0,0,0,20,0.0,jam_only
3,432,-2.83,20,0,2,0,0,4,0,0,0,0,20,0.0,jam_only
3,433,-3.34,20,0,4,0,0,1,0,0,0,0,20,0.0,jam_only
3,434,0.39,20,0,0,0,0,2,0,0,0,0,20,0.0,jam_only
3,435,-5.85,20,0,4,0,0,6,0,0,0,0,20,0.0,jam_only
3,436,-0.61,20,0,1,0,0,2,0,0,0,0,20,0.0,jam_only
3,437,-0.33,20,0,1,0,0,1,0,0,0,0,20,0.0,jam_only
3,438,-3.41,20,0,1,0,0,6,0,0,0,0,20,0.0,jam_only
3,439,-1.33,20,0,2,0,0,1,0,0,0,0,20,0.0,jam_only
3,440,-3.96,20,0,3,0,0,5,0,0,0,0,20,0.0,jam_only
3,441,-3.51,20,0,4,0,0,1,0,0,0,0,20,0.0,jam_only
3,442,-2.94,20,0,3,0,0,3,0,0,0,0,20,0.0,jam_only
3,443,-1.66,20,0,2,0,0,2,0,0,0,0,20,0.0,jam_only
3,444,-4.63,20,0,4,0,0,4,0,0,0,0,20,0.0,jam_only
3,445,-6.2,20,0,5,0,0,4,0,0,0,0,20,0.0,jam_only
3,446,-6.99,20,0,6,0,0,5,0,0,0,0,20,0.0,jam_only
3,447,-1.56,20,0,1,0,0,2,0,0,0,0,20,0.0,jam_only
3,448,-3.65,20,0,4,0,0,2,0,0,0,0,20,0.0,jam_only
3,449,-3.68,20,0,3,0,0,4,0,0,0,0,20,0.0,jam_only
3,450,-9.05,20,0,7,0,0,6,0,0,0,0,20,0.0,jam_only
3,451,-7.16,20,0,7,0,0,3,0,0,0,0,20,0.0,jam_only
3,452,-5.7,20,0,5,0,0,3,0,0,0,0,20,0.0,jam_only
3,453,-1.44,20,0,2,0,0,2,0,0,0,0,20,0.0,jam_only
3,454,-1.36,20,0,2,0,0,1,0,0,0,0,20,0.0,jam_only
3,455,-1.81,20,0,1,0,0,4,0,0,0,0,20,0.0,jam_only
3,456,-4.21,20,0,4,0,0,2,0,0,0,0,20,0.0,jam_only
3,457,-3.82,20,0,4,0,0,2,0,0,0,0,20,0.0,jam_only
3,458,-5.83,20,0,5,0,0,4,0,0,0,0,20,0.0,jam_only
3,459,-2.84,20,0,2,0,0,4,0,0,0,0,20,0.0,jam_only
3,460,-6.82,20,0,6,0,0,4,0,0,0,0,20,0.0,jam_only
3,461,-2.31,20,0,2,0,0,3,0,0,0,0,20,0.0,jam_only
3,462,-2.1,20,0,3,0,0,1,0,0,0,0,20,0.0,jam_only
3,463,-9.33,20,0,10,0,0,1,0,0,0,0,20,0.0,jam_only
3,464,-10.88,20,0,8,0,0,8,0,0,0,0,20,0.0,jam_only
3,465,-1.11,20,0,2,0,0,1,0,0,0,0,20,0.0,jam_only
3,466,-3.24,20,0,3,3,0,2,0,0,0,0,20,0.0,jam_only
3,467,-5.56,20,0,4,2,0,5,0,0,0,0,20,0.0,jam_only
3,468,-1.64,20,0,3,1,0,0,0,0,0,0,20,0.0,jam_only
3,469,-2.01,20,0,1,1,0,4,0,0,0,0,20,0.0,jam_only
3,470,-5.87,20,0,3,0,0,8,0,0,0,0,20,0.0,jam_only
3,471,-0.55,20,0,0,2,0,3,0,0,0,0,20,0.0,jam_only
3,472,-0.03,20,0,0,0,0,2,0,0,0,0,20,0.0,jam_only
3,473,-1.09,20,0,0,2,0,3,0,0,0,0,20,0.0,jam_only
3,474,-2.32,20,0,1,2,0,3,0,0,0,0,20,0.0,jam_only
3,475,-1.05,20,0,0,2,0,4,0,0,0,0,20,0.0,jam_only
3,476,-2.86,20,0,3,3,0,2,0,0,0,0,20,0.0,jam_only
3,477,0.71,20,0,0,0,0,1,0,0,0,0,20,0.0,jam_only
3,478,-2.14,20,0,1,0,0,5,0,0,0,0,20,0.0,jam_only
3,479,-5.84,20,0,4,4,0,4,0,0,0,0,20,0.0,jam_only
3,480,-2.12,20,0,1,5,0,3,0,0,0,0,20,0.0,jam_only
3,481,-2.22,20,0,1,3,0,4,0,0,0,0,20,0.0,jam_only
3,482,-8.03,20,0,6,6,0,4,0,0,0,0,20,0.0,jam_only
3,483,-3.62,20,0,3,0,0,4,0,0,0,0,20,0.0,jam_only
3,484,-5.27,20,0,4,4,0,4,0,0,0,0,20,0.0,jam_only
3,485,-6.57,20,0,5,6,0,2,0,0,0,0,20,0.0,jam_only
3,486,-1.96,20,0,1,5,0,3,0,0,0,0,20,0.0,jam_only
3,487,-3.3,20,0,2,5,0,3,0,0,0,0,20,0.0,jam_only
3,488,-2.01,20,0,0,11,0,2,0,0,0,0,20,0.0,jam_only
3,489,-4.03,20,0,3,7,0,2,0,0,0,0,20,0.0,jam_only
3,490,-4.75,20,0,3,8,0,3,0,0,0,0,20,0.0,jam_only
3,491,-6.53,20,0,4,12,0,3,0,0,0,0,20,0.0,jam_only
3,492,-6.9,20,0,5,7,0,3,0,0,0,0,20,0.0,jam_only
3,493,-11.05,20,0,8,11,0,4,0,0,0,0,20,0.0,jam_only
3,494,-7.92,20,0,7,8,0,1,0,0,0,0,20,0.0,jam_only
3,495,-6.32,20,0,4,10,0,3,0,0,0,0,20,0.0,jam_only
3,496,-4.24,20,0,2,12,0,2,0,0,0,0,20,0.0,jam_only
3,497,-7.51,20,0,4,15,0,3,0,0,0,0,20,0.0,jam_only
3,498,-4.06,20,0,1,12,0,4,0,0,0,0,20,0.0,jam_only
3,499,-8.24,20,0,5,13,0,4,0,0,0,0,20,0.0,jam_only
3,500,-7.63,20,0,3,13,0,6,0,0,0,0,20,0.0,jam_only
3,501,-1.7,20,0,0,12,0,1,0,0,0,0,20,0.0,jam_only
3,502,-5.43,20,0,2,13,0,4,0,0,0,0,20,0.0,jam_only
3,503,-5.81,20,0,3,14,0,2,0,0,0,0,20,0.0,jam_only
3,504,-2.11,20,0,0,7,0,3,0,0,0,0,20,0.0,jam_only
3,505,-3.98,20,0,1,10,0,5,0,0,0,0,20,0.0,jam_only
3,506,-5.83,20,0,2,16,0,4,0,0,0,0,20,0.0,jam_only
3,507,-4.99,20,0,1,16,0,5,0,0,0,0,20,0.0,jam_only
3,508,-4.55,20,0,1,12,0,5,0,0,0,0,20,0.0,jam_only
3,509,-6.02,20,0,2,15,0,4,0,0,0,0,20,0.0,jam_only
3,510,-4.8,20,0,2,15,0,2,0,0,0,0,20,0.0,jam_only
3,511,-3.62,20,0,1,14,0,2,0,0,0,0,20,0.0,jam_only
3,512,-4.03,20,0,0,15,0,4,0,0,0,0,20,0.0,jam_only
